-0.030954264,-0.029398769,0.777543306,-0.012170475,-0.013005075,-0.700976729,0.712961674,0.068824545,0.053879302,0.212131619,0.087110475,-0.092223838,-0.195454389,0.082721658,-0.056774348,-0.363895893,0.087546036,-0.135632768,0.193140298,-0.027080676,0.159899458,0.261798829,0.157499358,0.897928655,0.039076846,0.149090797,-0.296038687,-0.010164335,0.936038494,-0.044168118
-0.030954264,-0.029398769,0.777543306,-0.012170475,-0.013005075,-0.700976729,0.712961674,0.068824545,0.053879298,0.212131619,0.087110475,-0.092223838,-0.195454389,0.082721658,-0.056774348,-0.363895893,0.087546036,-0.135632768,0.193140298,-0.027080677,0.159899458,0.261798829,0.157499358,0.897928655,0.039076846,0.149090797,-0.296038687,-0.010164335,0.936038494,-0.044168118
-0.030954264,-0.029398769,0.777543306,-0.012170475,-0.013005075,-0.700976729,0.712961674,0.068824545,0.053879302,0.212131619,0.087110475,-0.092223838,-0.195454389,0.082721658,-0.056774348,-0.363895893,0.087546036,-0.135632768,0.193140298,-0.027080676,0.159899458,0.261798829,0.157499358,0.897928655,0.039076846,0.149090797,-0.296038687,-0.010164335,0.936038494,-0.044168118
-0.030954264,-0.029398769,0.777543306,-0.012170475,-0.013005075,-0.700976729,0.712961674,0.068824545,0.053879302,0.212131619,0.087110475,-0.092223838,-0.195454389,0.082721658,-0.056774348,-0.363895893,0.087546036,-0.135632768,0.193140298,-0.027080676,0.159899458,0.261798829,0.157499358,0.897928655,0.039076846,0.149090797,-0.296038687,-0.010164335,0.936038494,-0.044168118
-0.030954264,-0.029398769,0.777543306,-0.012170475,-0.013005075,-0.700976729,0.712961674,0.068824545,0.053879306,0.212131619,0.087110475,-0.092223838,-0.195454389,0.082721658,-0.056774348,-0.363895893,0.087546036,-0.135632768,0.193140298,-0.027080676,0.159899458,0.261798829,0.157499358,0.897928596,0.039076846,0.149090797,-0.296038687,-0.010164335,0.936038494,-0.044168118
-0.030954264,-0.029398769,0.777543306,-0.012170475,-0.013005075,-0.700976729,0.712961674,0.068824545,0.053879302,0.212131619,0.087110475,-0.092223838,-0.195454389,0.082721658,-0.056774348,-0.363895893,0.087546036,-0.135632768,0.193140298,-0.027080676,0.159899458,0.261798829,0.157499358,0.897928655,0.039076846,0.149090797,-0.296038687,-0.010164335,0.936038494,-0.044168118
-0.030954264,-0.029398769,0.777543306,-0.012170475,-0.013005075,-0.700976729,0.712961674,0.068824545,0.053879306,0.212131619,0.087110475,-0.092223838,-0.195454389,0.082721658,-0.056774348,-0.363895893,0.087546036,-0.135632768,0.193140298,-0.027080676,0.159899458,0.261798829,0.157499358,0.897928596,0.039076846,0.149090797,-0.296038687,-0.010164335,0.936038494,-0.044168118
-0.030954264,-0.029398769,0.777543306,-0.012170475,-0.013005075,-0.700976729,0.712961674,0.068824545,0.053879302,0.212131619,0.087110475,-0.092223838,-0.195454389,0.082721666,-0.056774348,-0.363895893,0.087546036,-0.135632768,0.193140298,-0.027080676,0.159899458,0.261798829,0.157499343,0.897928655,0.039076846,0.149090797,-0.296038687,-0.010164335,0.936038494,-0.044168115
-0.030954264,-0.029398769,0.777543306,-0.012170475,-0.013005075,-0.700976729,0.712961674,0.068824545,0.053879302,0.212131619,0.087110475,-0.092223838,-0.195454389,0.082721666,-0.056774348,-0.363895893,0.087546036,-0.135632768,0.193140298,-0.027080676,0.159899458,0.261798829,0.157499343,0.897928655,0.039076846,0.149090797,-0.296038687,-0.010164335,0.936038494,-0.044168115
-0.030954264,-0.029398769,0.777543306,-0.012170475,-0.013005075,-0.700976729,0.712961674,0.068824545,0.053879306,0.212131619,0.087110475,-0.092223838,-0.195454389,0.082721658,-0.056774348,-0.363895893,0.087546036,-0.135632768,0.193140298,-0.027080676,0.159899458,0.261798829,0.157499358,0.897928596,0.039076846,0.149090797,-0.296038687,-0.010164335,0.936038494,-0.044168118
-0.030954264,-0.029398769,0.777543306,-0.012170475,-0.013005075,-0.700976729,0.712961674,0.068824545,0.053879302,0.212131619,0.087110475,-0.092223838,-0.195454389,0.082721658,-0.056774348,-0.363895893,0.087546036,-0.135632768,0.193140298,-0.027080676,0.159899458,0.261798829,0.157499358,0.897928655,0.039076846,0.149090797,-0.296038687,-0.010164335,0.936038494,-0.044168118
-0.030954264,-0.029398769,0.777543306,-0.012170475,-0.013005075,-0.700976729,0.712961674,0.068824545,0.053879306,0.212131619,0.087110475,-0.092223838,-0.195454389,0.082721658,-0.056774348,-0.363895893,0.087546036,-0.135632768,0.193140298,-0.027080677,0.159899458,0.261798829,0.157499358,0.897928715,0.039076846,0.149090797,-0.296038687,-0.010164335,0.936038494,-0.044168118
-0.030954264,-0.029398769,0.777543306,-0.012170475,-0.013005075,-0.700976729,0.712961674,0.068824545,0.053879302,0.212131619,0.087110475,-0.092223838,-0.195454389,0.082721666,-0.056774348,-0.363895893,0.087546036,-0.135632768,0.193140298,-0.027080676,0.159899458,0.261798829,0.157499343,0.897928655,0.039076846,0.149090797,-0.296038687,-0.010164335,0.936038494,-0.044168115
-0.030954264,-0.029398769,0.777543306,-0.012170475,-0.013005075,-0.700976729,0.712961674,0.068824545,0.053879302,0.212131619,0.087110475,-0.092223838,-0.195454389,0.082721658,-0.056774348,-0.363895893,0.087546036,-0.135632768,0.193140298,-0.027080674,0.159899458,0.261798829,0.157499343,0.897928655,0.039076846,0.149090797,-0.296038687,-0.010164335,0.936038494,-0.044168118
-0.030954264,-0.029398769,0.777543306,-0.012170475,-0.013005075,-0.700976729,0.712961674,0.068824545,0.053879306,0.212131619,0.087110475,-0.092223838,-0.195454389,0.082721658,-0.056774348,-0.363895893,0.087546036,-0.135632768,0.193140298,-0.027080677,0.159899458,0.261798829,0.157499358,0.897928715,0.039076846,0.149090797,-0.296038687,-0.010164335,0.936038494,-0.044168118
-0.030954264,-0.029398769,0.777543306,-0.012170475,-0.013005075,-0.700976729,0.712961674,0.068824545,0.053879302,0.212131619,0.087110475,-0.092223838,-0.195454389,0.082721658,-0.056774348,-0.363895893,0.087546036,-0.135632768,0.193140298,-0.027080676,0.159899458,0.261798829,0.157499358,0.897928655,0.039076846,0.149090797,-0.296038687,-0.010164335,0.936038494,-0.044168118
-0.030946452,-0.029353697,0.777012825,-0.012170475,-0.013005075,-0.700976729,0.712961674,0.068783224,0.053895690,0.212926030,0.087274455,-0.092156708,-0.193259001,0.082884327,-0.056822896,-0.362327963,0.087686896,-0.133599177,0.192344993,-0.026259288,0.160302609,0.262158930,0.153342545,0.895928383,0.044561744,0.150315911,-0.296268970,-0.008270699,0.936348021,-0.046089672
-0.030747039,-0.029357051,0.776489019,-0.012306378,-0.012985275,-0.700697362,0.713234246,0.068722561,0.053784780,0.213524297,0.087467328,-0.092546597,-0.190357551,0.083089657,-0.056976579,-0.360000819,0.087864563,-0.130679116,0.191483513,-0.025778705,0.159990832,0.262569040,0.147834376,0.894201219,0.044111039,0.152784973,-0.297042996,-0.002966919,0.935459077,-0.045814551
-0.030164439,-0.029457258,0.775978744,-0.012306378,-0.012985275,-0.700697362,0.713234246,0.068623208,0.053419285,0.213730305,0.087717980,-0.093850546,-0.186044022,0.083380304,-0.057340533,-0.356155217,0.088115826,-0.125986099,0.190489665,-0.025979735,0.158249229,0.263079196,0.139623493,0.893020391,0.031789191,0.157741934,-0.298904479,0.009157096,0.932173252,-0.041146088
-0.028868463,-0.029329188,0.775100708,-0.012338867,-0.012827308,-0.700941324,0.712996900,0.067797057,0.052012056,0.213447511,0.088123016,-0.094036922,-0.180569828,0.082339928,-0.059266724,-0.351708919,0.088486776,-0.118983030,0.189968556,-0.025941251,0.155725360,0.264390260,0.126994595,0.891160965,0.022793826,0.161241591,-0.303027958,0.022878774,0.930110812,-0.034407921
-0.027215799,-0.029086975,0.774038851,-0.012338867,-0.012827308,-0.700941324,0.712996900,0.066607505,0.050083946,0.212920278,0.088605247,-0.093664512,-0.174515307,0.080634043,-0.061974034,-0.346962243,0.088917591,-0.110824905,0.189683840,-0.025783006,0.152810380,0.266101718,0.112156697,0.888962090,0.015461697,0.164012626,-0.308282435,0.037399285,0.928660095,-0.026634898
-0.025308114,-0.028731480,0.772550225,-0.011421423,-0.011228127,-0.700308800,0.713660359,0.063383982,0.048069671,0.212467581,0.089403987,-0.091236189,-0.167868346,0.077946082,-0.064509176,-0.341808140,0.089649849,-0.099788308,0.188662410,-0.025976209,0.148704886,0.270190120,0.090995848,0.885013819,0.012128172,0.168214217,-0.317391366,0.052497923,0.925767064,-0.016757239
-0.023232732,-0.028196350,0.770857751,-0.010523141,-0.009952268,-0.700067282,0.713929892,0.058919620,0.045725279,0.212589234,0.090420648,-0.088411883,-0.161257878,0.073769525,-0.067457244,-0.336122781,0.090618357,-0.086819060,0.187392443,-0.025900722,0.144516498,0.274092406,0.070461810,0.879437566,0.009311885,0.172281981,-0.326871276,0.067485802,0.922590733,-0.005867585
-0.020821959,-0.027301958,0.768757820,-0.008944781,-0.008032356,-0.700271130,0.713775694,0.051973619,0.042720642,0.213859648,0.091873169,-0.084795631,-0.154720366,0.066615775,-0.071231186,-0.329374999,0.092059344,-0.069984525,0.185625434,-0.025287859,0.140162334,0.277622551,0.051181339,0.870605350,0.007530048,0.176082045,-0.337092936,0.082252190,0.918847680,0.007046058
-0.018273681,-0.025545958,0.765941262,-0.006343625,-0.005217721,-0.701349854,0.712769985,0.020738989,0.044048741,0.217800826,0.140047759,-0.106099248,-0.148063034,0.038332004,-0.081145503,-0.320201576,0.131756261,-0.066329487,0.183625922,-0.023956805,0.134838834,0.280136347,0.036499221,0.856772184,0.003339018,0.177659005,-0.346173614,0.095578656,0.915734589,0.023225134
-0.015656644,-0.023359153,0.762766480,-0.003230961,-0.001955635,-0.702852905,0.711325228,-0.022640022,0.047543205,0.223077372,0.211583480,-0.139862850,-0.141345769,-0.000516846,-0.094130024,-0.309815317,0.190581247,-0.069264218,0.181510150,-0.022266654,0.129030660,0.282141954,0.024116255,0.840438366,-0.002056618,0.178124413,-0.354683757,0.108185187,0.912936568,0.041036956
-0.012670693,-0.020050522,0.757898331,0.001752994,0.002820754,-0.706112266,0.708091974,-0.087063581,0.055165805,0.233164802,0.318118513,-0.194924653,-0.133522630,-0.077010773,-0.115851805,-0.289996237,0.315882236,-0.096599512,0.176151305,-0.019586684,0.123704433,0.281406939,0.026602479,0.815166473,-0.016050804,0.172481269,-0.364185691,0.121041387,0.913650513,0.062639415
-0.009715944,-0.016479408,0.752544582,0.007143438,0.008044768,-0.709693134,0.704428732,-0.150384501,0.063380048,0.244915634,0.419181854,-0.247201160,-0.125245467,-0.158178091,-0.135404974,-0.268823236,0.444875479,-0.118560739,0.167489886,-0.016891016,0.118052579,0.280437469,0.031948805,0.786627710,-0.033706993,0.165125519,-0.372340888,0.132491738,0.915594876,0.083617672
-0.006823592,-0.012383320,0.746219635,0.013346363,0.014163594,-0.713943481,0.699932933,-0.211500213,0.072777592,0.259993285,0.509301782,-0.293907106,-0.116060294,-0.248692393,-0.150620893,-0.244942382,0.581253409,-0.129773796,0.152223289,-0.014163947,0.111749440,0.278999209,0.043015394,0.751555085,-0.058687285,0.154344440,-0.377802551,0.141130388,0.920000136,0.103347585
-0.004337908,-0.008249283,0.739581108,0.019586990,0.020561118,-0.717482090,0.695997953,-0.269119680,0.083027139,0.272827148,0.589443147,-0.334478378,-0.107275091,-0.340216786,-0.162104815,-0.226013780,0.718495846,-0.136597484,0.128499880,-0.012183394,0.103417963,0.278838426,0.052674621,0.707685351,-0.078782111,0.145709306,-0.379988909,0.144396663,0.925005615,0.125252992
-0.002055564,-0.004096283,0.732785821,0.025845120,0.027096584,-0.720628917,0.692308962,-0.324990839,0.093702652,0.284539133,0.664595008,-0.371982157,-0.098689899,-0.432245910,-0.171722710,-0.209561348,0.856170118,-0.141226485,0.100548148,-0.010576106,0.094072364,0.279316396,0.061630126,0.659417391,-0.096434131,0.138147160,-0.380537629,0.144976705,0.930311143,0.148246065
-0.000316824,-0.001083774,0.728133678,0.031075107,0.033015456,-0.721325040,0.691110969,-0.365918368,0.100386657,0.288116664,0.710159302,-0.392269969,-0.089722157,-0.507840276,-0.180034414,-0.207331926,0.979829431,-0.149034739,0.072327912,-0.013064872,0.085595444,0.284665704,0.070209466,0.588433385,-0.089764714,0.139321521,-0.375794768,0.141680792,0.933586121,0.171611428
0.001082984,0.001304879,0.724708676,0.035842154,0.038358804,-0.721577644,0.690340281,-0.399585009,0.105092101,0.290065557,0.743694186,-0.407131910,-0.081894226,-0.575045168,-0.188576013,-0.206994757,1.094121933,-0.160450533,0.047376692,-0.016362879,0.076536760,0.290950239,0.077727735,0.514361322,-0.080045521,0.143418774,-0.368910670,0.139384136,0.937413633,0.191279620
0.001804946,0.002445850,0.723737597,0.039685808,0.042553734,-0.721004486,0.690483093,-0.418730140,0.105840549,0.288757205,0.753170967,-0.411142468,-0.076345876,-0.625471473,-0.197577447,-0.210441977,1.189681649,-0.179081380,0.028963357,-0.021279335,0.066314541,0.299105346,0.083123907,0.434113204,-0.064226955,0.153361738,-0.357744128,0.139085993,0.942346275,0.203553632
0.002174453,0.002322851,0.725749791,0.042682230,0.045170359,-0.720898330,0.690248787,-0.420209050,0.101863876,0.287550658,0.735083342,-0.402632207,-0.072868720,-0.657308578,-0.206037462,-0.212228671,1.255583286,-0.200778544,0.014314170,-0.026477646,0.056051023,0.310278535,0.084719628,0.364336252,-0.049622979,0.162757784,-0.339399815,0.144008011,0.954998851,0.202312976
0.002367729,0.001567868,0.729253650,0.045255076,0.046997882,-0.721027493,0.689827859,-0.412854820,0.095524691,0.286395043,0.703213751,-0.387861580,-0.070427209,-0.679850876,-0.214226663,-0.213185117,1.306655288,-0.224008664,0.001547197,-0.031816836,0.045766961,0.322960645,0.084415101,0.299795508,-0.035626438,0.171880275,-0.317466766,0.151540071,0.971511066,0.194315046
0.001860790,-0.001185181,0.736646831,0.046667278,0.046109773,-0.722882390,0.687849641,-0.375905514,0.082172662,0.287695646,0.625964463,-0.350815564,-0.069516957,-0.673783839,-0.217802733,-0.204217225,1.300335407,-0.236328274,0.003030232,-0.036693037,0.042555396,0.330093294,0.082688518,0.261744440,-0.016298939,0.182074428,-0.298345625,0.157858938,0.991334200,0.182974741
0.001303031,-0.004577181,0.744764805,0.047672234,0.044363685,-0.725221276,0.685429394,-0.326809615,0.065357603,0.289917320,0.527985990,-0.302407175,-0.068729728,-0.659181237,-0.220055372,-0.193584859,1.275957346,-0.243176088,0.009086296,-0.041647080,0.042137980,0.336061180,0.081215680,0.232040495,0.002924011,0.192382187,-0.279940397,0.162296355,1.010608792,0.172779053
0.000643632,-0.009247063,0.754331946,0.047862407,0.040901445,-0.728523731,0.682121336,-0.253420770,0.041616581,0.293980986,0.388549626,-0.231274381,-0.068188578,-0.627507508,-0.219661027,-0.179623619,1.215463161,-0.239080355,0.024288323,-0.046756804,0.047308810,0.339699537,0.080250353,0.219030768,0.021937799,0.202917054,-0.262967020,0.162970901,1.028785944,0.164872617
-0.000434752,-0.014747655,0.763538837,0.047268771,0.036531020,-0.732311487,0.678344369,-0.172699183,0.016584901,0.296653748,0.241546959,-0.154509410,-0.068529613,-0.582429647,-0.218714297,-0.171374813,1.127814412,-0.224728942,0.042188708,-0.052172735,0.055722199,0.341261983,0.079495855,0.219114959,0.040479396,0.216247037,-0.251574695,0.161264390,1.038651466,0.157857135
-0.001722625,-0.020663576,0.772565365,0.046281543,0.031705294,-0.736315489,0.674308836,-0.088311613,-0.009091988,0.298631072,0.090761743,-0.074928716,-0.069311738,-0.530649960,-0.217491388,-0.165982246,1.026589036,-0.205249771,0.061438195,-0.057741750,0.065756835,0.341786474,0.078846768,0.225746140,0.058784809,0.230974495,-0.242972970,0.158367336,1.044361115,0.151287168
-0.003903846,-0.026647992,0.778980315,0.045201287,0.026972612,-0.739894867,0.670660019,-0.068168581,-0.013115975,0.299654901,0.089137137,-0.069933780,-0.071393132,-0.468845487,-0.214568913,-0.176639289,0.899366736,-0.171134263,0.079581060,-0.064057529,0.076827876,0.342450917,0.074411519,0.247552305,0.077120945,0.241357833,-0.240935773,0.158641294,1.041246176,0.147974014
-0.006495498,-0.032370888,0.784180999,0.044473197,0.022205444,-0.743360817,0.667041063,-0.046999201,-0.013902262,0.301999390,0.087986000,-0.063260064,-0.078725755,-0.405345470,-0.209725469,-0.189314738,0.765172839,-0.131657630,0.096403778,-0.069646806,0.087905109,0.343411922,0.066587903,0.273962200,0.091000542,0.251230896,-0.239149332,0.159367591,1.034320116,0.145735383
-0.009908007,-0.037570756,0.786953211,0.044451807,0.017370915,-0.746637940,0.663516402,-0.023776673,-0.008213362,0.306985050,0.087780826,-0.053228319,-0.096560791,-0.338454276,-0.201040059,-0.206026897,0.617035151,-0.081458867,0.110586293,-0.073783107,0.098994717,0.344966024,0.051987644,0.309579551,0.095967174,0.260083526,-0.237864301,0.160998523,1.019771695,0.145645708
-0.013901379,-0.042029083,0.787405729,0.044840865,0.012641600,-0.750853360,0.658823729,-0.004808388,-0.007218206,0.316215575,0.087965198,-0.039710071,-0.109757490,-0.267774075,-0.186625808,-0.219730079,0.457325488,-0.026645057,0.113759018,-0.073071823,0.110124469,0.346394002,0.034156688,0.354918897,0.091405146,0.263239980,-0.238274425,0.165960446,1.003856421,0.149545223
-0.018185161,-0.046116594,0.786698461,0.045433130,0.007964486,-0.755504251,0.653517783,0.012032624,-0.008569930,0.327568501,0.088344343,-0.024448602,-0.120634928,-0.195199877,-0.169347242,-0.231928587,0.291830957,0.030475706,0.111426771,-0.069936715,0.121274203,0.347758889,0.014710490,0.405119061,0.082078755,0.263548315,-0.239532098,0.172587812,0.987257838,0.155439377
-0.023409955,-0.048282951,0.783331454,0.046901584,0.004843971,-0.760630071,0.647471011,0.021583449,-0.007938486,0.338420987,0.091287836,0.006899959,-0.127406806,-0.142573953,-0.155377537,-0.225235701,0.172194198,0.016352920,0.095673069,-0.060296334,0.125884682,0.346475452,-0.004238423,0.470448762,0.057779633,0.251924068,-0.241303861,0.174159497,0.971911073,0.181227222
-0.028288467,-0.049286868,0.780156136,0.049486268,0.003306658,-0.765508473,0.641511619,-0.016720509,0.009373252,0.345441699,0.187624305,0.005378267,-0.129494861,-0.124297440,-0.146915600,-0.211625427,0.117593683,-0.007983273,0.082633898,-0.051244400,0.132698178,0.336378187,-0.010284885,0.535966694,0.030442340,0.234786376,-0.241315722,0.173333287,0.953675270,0.206044540
-0.032474365,-0.047965907,0.777363896,0.054306544,0.004936200,-0.769946575,0.635774255,-0.150733218,0.060045257,0.344798833,0.470744967,-0.061883595,-0.122215249,-0.174719587,-0.149469197,-0.184180647,0.193065569,-0.052745946,0.075023934,-0.043369427,0.143917546,0.308653414,0.009473490,0.601860464,-0.002971019,0.206621990,-0.237807781,0.167711273,0.929661572,0.228920609
-0.036535349,-0.044967763,0.772264004,0.059928238,0.008579571,-0.772491574,0.632132888,-0.286168456,0.107766405,0.333904088,0.722476125,-0.089470744,-0.101923078,-0.248235852,-0.151670769,-0.163801715,0.309384584,-0.107970983,0.068058945,-0.038687356,0.160155311,0.279210687,0.033994708,0.662960112,-0.050049171,0.178112656,-0.231026471,0.158776775,0.883228302,0.246440589
-0.040533867,-0.041131023,0.766010106,0.065948635,0.013229469,-0.774066925,0.629520655,-0.422314823,0.154012039,0.317883402,0.958512008,-0.097220317,-0.075124614,-0.333299130,-0.153696314,-0.146955758,0.446127176,-0.168427140,0.061416470,-0.035601757,0.178902268,0.248908997,0.060897332,0.721662581,-0.103959702,0.149430886,-0.222608447,0.148185998,0.825585067,0.261282474
-0.044377662,-0.036969401,0.754020572,0.070817582,0.017984979,-0.773341537,0.629765272,-0.543789327,0.185643241,0.290209442,1.141829848,-0.115786687,-0.056938209,-0.407618344,-0.154633865,-0.144463629,0.566492915,-0.238627434,0.059037529,-0.035091095,0.209617704,0.230354935,0.060136341,0.759472847,-0.165791824,0.126352265,-0.213381290,0.134461731,0.731588423,0.287793428
-0.048000496,-0.033174198,0.741445899,0.075438626,0.022497706,-0.772891819,0.629635692,-0.657723784,0.215758219,0.269526988,1.313392997,-0.141850993,-0.035579469,-0.478159308,-0.155546889,-0.142296761,0.680761218,-0.306680679,0.057219744,-0.032803174,0.241937578,0.214143857,0.055010729,0.792853773,-0.221713617,0.101072073,-0.205004930,0.124009058,0.634343863,0.320947230
-0.051181428,-0.030111816,0.727700949,0.079567678,0.026525743,-0.773036242,0.628792822,-0.756579220,0.242841020,0.262827337,1.461448550,-0.182911485,-0.007875822,-0.541144490,-0.156410873,-0.140780374,0.782835603,-0.370440453,0.056524254,-0.026960704,0.277466625,0.202618584,0.041155785,0.817376077,-0.265815228,0.071388468,-0.198330134,0.120099530,0.530602455,0.367387176
-0.053276591,-0.027876426,0.716496110,0.083613396,0.029929057,-0.774102569,0.626800060,-0.838505864,0.263506562,0.267491102,1.585140347,-0.222017735,0.020485010,-0.592847347,-0.156713158,-0.136787236,0.862194180,-0.414842129,0.057116620,-0.017592005,0.311011195,0.191207200,0.027398290,0.843646288,-0.294673145,0.031673934,-0.195448443,0.132489353,0.433529139,0.402402341
-0.054828875,-0.026054524,0.706561208,0.087615930,0.033019453,-0.775616407,0.624221504,-0.911968708,0.280963659,0.277836621,1.696651101,-0.260147154,0.049174663,-0.638909280,-0.156734571,-0.131555691,0.930195272,-0.449564964,0.058352932,-0.006460096,0.343563765,0.179852664,0.013689407,0.870790601,-0.315909296,-0.013056445,-0.194463328,0.153029025,0.339789122,0.431705385
-0.055379849,-0.025476804,0.700630486,0.089526430,0.034222025,-0.776289701,0.623047590,-0.955016017,0.280911535,0.287514746,1.766825914,-0.285543472,0.060272768,-0.663124204,-0.157779932,-0.128256246,0.969213605,-0.468317151,0.060724802,0.002653785,0.375818312,0.165051341,-0.016961921,0.897877038,-0.318264037,-0.060841553,-0.200061738,0.184633836,0.255502045,0.422375947
-0.055785835,-0.025237858,0.696204007,0.090651974,0.034944378,-0.776660442,0.622382343,-0.986313581,0.278692275,0.298130333,1.823437572,-0.308711827,0.067117088,-0.680378199,-0.158654153,-0.125677109,0.999262273,-0.482173324,0.062586218,0.011133531,0.407778800,0.154006630,-0.054669641,0.922111332,-0.315611601,-0.107566476,-0.206533462,0.217340067,0.175616503,0.404203653
-0.055901833,-0.025676465,0.694786072,0.090208575,0.034706660,-0.776434600,0.622741759,-0.994111061,0.272138834,0.310620636,1.852921486,-0.327423871,0.065453701,-0.683710217,-0.159186035,-0.124538630,1.011371255,-0.486237198,0.063426726,0.018344849,0.439150631,0.150475398,-0.106489427,0.940641046,-0.302944899,-0.152170151,-0.214751676,0.252248466,0.104535587,0.368345976
-0.055889703,-0.026795464,0.696746051,0.088610470,0.033835176,-0.775761008,0.623857439,-0.976571560,0.263805449,0.324469209,1.852895260,-0.342394501,0.055667408,-0.672547221,-0.158786044,-0.125301957,1.001423955,-0.481071174,0.063311741,0.025085099,0.466096759,0.150656894,-0.165736958,0.952576756,-0.278600872,-0.188338682,-0.233524770,0.292284846,0.042842697,0.326373637
-0.055813510,-0.028254664,0.700394988,0.086434379,0.032646567,-0.774858057,0.625346661,-0.946363509,0.254582107,0.338996947,1.838113904,-0.355494350,0.041819617,-0.654136598,-0.157920092,-0.127016217,0.980448365,-0.471290141,0.062719017,0.031589817,0.490829945,0.152694777,-0.228698403,0.961215436,-0.248418033,-0.220289603,-0.257575393,0.334885150,-0.014156138,0.281343997
-0.055315681,-0.030986823,0.708118677,0.082914725,0.030850656,-0.772918403,0.628307581,-0.883167505,0.240080863,0.349337280,1.778161287,-0.357976019,0.014780288,-0.615105271,-0.156009555,-0.131688684,0.926445603,-0.451239467,0.060517903,0.035495076,0.507605493,0.159001812,-0.286400497,0.961151958,-0.212603614,-0.237030119,-0.287591696,0.382911980,-0.042624440,0.215835363
-0.054645255,-0.033918913,0.716879427,0.078850865,0.028862365,-0.770478785,0.631911397,-0.811885536,0.223827153,0.356156915,1.702423334,-0.354542494,-0.014712738,-0.569738507,-0.153683543,-0.138214976,0.862648904,-0.425516665,0.058472253,0.037769288,0.522008538,0.165605381,-0.338928461,0.960327446,-0.177229777,-0.245691404,-0.319967628,0.429596543,-0.062383488,0.147341967
-0.053629626,-0.037250936,0.727714658,0.073698826,0.026489422,-0.767040372,0.636801541,-0.724430442,0.204068094,0.355935574,1.595113516,-0.339278996,-0.049113840,-0.511699736,-0.150526464,-0.148449078,0.779262781,-0.388449073,0.056737456,0.036781572,0.531667113,0.172802180,-0.381110072,0.957980990,-0.142736077,-0.238194913,-0.357063532,0.473598063,-0.064725280,0.072877258
-0.051926441,-0.041566119,0.739886522,0.067235269,0.023638779,-0.762531281,0.643013835,-0.621120930,0.185640782,0.353272200,1.451294184,-0.307993114,-0.077203348,-0.440026283,-0.145880997,-0.162639335,0.677107990,-0.335219353,0.057346698,0.032910276,0.537117779,0.180918261,-0.414783478,0.956201255,-0.114422038,-0.213864148,-0.394553363,0.505769789,-0.050977163,0.010810891
-0.049879488,-0.046372890,0.752726674,0.060110286,0.020547323,-0.757420063,0.649830401,-0.509884119,0.167879269,0.349387825,1.289220452,-0.268696219,-0.102137223,-0.361535400,-0.140491351,-0.178807661,0.565568686,-0.273908615,0.059127927,0.027597215,0.540464520,0.189494014,-0.444202930,0.954704821,-0.089197643,-0.181116357,-0.432240278,0.532026827,-0.029184252,-0.045056660
-0.046835303,-0.051474310,0.764451325,0.052199721,0.017340064,-0.751677990,0.657232642,-0.390317410,0.152446866,0.342224270,1.083878875,-0.199347228,-0.110314965,-0.271973073,-0.130425885,-0.196835652,0.433339000,-0.189645290,0.065549046,0.021432135,0.538893163,0.198950410,-0.457402408,0.951258600,-0.073090047,-0.130075514,-0.466124982,0.534392416,0.007254730,-0.069642253
-0.043690089,-0.056467295,0.775302827,0.044425689,0.014180204,-0.745574474,0.664788663,-0.270605206,0.134975806,0.330660164,0.868767023,-0.118427463,-0.119717754,-0.180041984,-0.118558511,-0.214817882,0.294619024,-0.098623328,0.072477393,0.015147784,0.534597039,0.208628610,-0.466319472,0.947955430,-0.060509153,-0.076327637,-0.497841209,0.531135917,0.046782032,-0.084595338
-0.040342841,-0.061243340,0.784407973,0.036934093,0.011118356,-0.738863289,0.672750533,-0.150603473,0.113427632,0.310294986,0.634117246,-0.014367025,-0.131570593,-0.083374560,-0.103087418,-0.232708395,0.142920136,0.005914792,0.080420092,0.008624964,0.524851322,0.218750313,-0.466671556,0.944938421,-0.054981880,-0.017166307,-0.525220037,0.516635060,0.092485502,-0.080283083
-0.036862444,-0.064799309,0.791749358,0.030934568,0.009528516,-0.731923819,0.680617154,-0.040895551,0.090231620,0.282260954,0.408132911,0.079449221,-0.145035058,-0.037403811,-0.096853569,-0.245495826,0.091428272,0.063896134,0.087287903,0.002824193,0.505476594,0.227125466,-0.457794547,0.944582760,-0.056256961,0.037110791,-0.541805804,0.497476369,0.146330759,-0.066817120
-0.033315465,-0.067745261,0.798208892,0.025679762,0.008674243,-0.724828422,0.688396096,0.063665956,0.066211641,0.250392526,0.186480433,0.168143794,-0.159305379,-0.016780624,-0.095238201,-0.255731881,0.090038478,0.098599851,0.093618311,-0.002615581,0.481287420,0.234627396,-0.444303125,0.945557654,-0.060933128,0.088946007,-0.552995205,0.475988716,0.204246983,-0.048774380
-0.028688580,-0.067866243,0.801558375,0.022757087,0.010774262,-0.716844559,0.696778297,0.082176305,0.062602043,0.221636087,0.128642201,0.181224853,-0.158131033,-0.009284123,-0.094331779,-0.272545606,0.090076990,0.133342341,0.093582861,-0.005417190,0.446183354,0.242368937,-0.412153006,0.943263471,-0.083492406,0.145377591,-0.560128927,0.443522781,0.257054865,-0.021254433
-0.023860943,-0.067044504,0.803707957,0.020579331,0.013728570,-0.709037781,0.704736471,0.088963822,0.061158266,0.194849730,0.090046197,0.184632197,-0.153650016,-0.005827297,-0.093111590,-0.291421503,0.090778023,0.167251855,0.089155003,-0.007110198,0.407856166,0.247951150,-0.374447763,0.940210283,-0.111526765,0.197552055,-0.564546287,0.412775844,0.313733369,0.008358757
-0.018631898,-0.064337328,0.803457737,0.019895364,0.018392717,-0.701700866,0.711956382,0.072305530,0.064046167,0.172004074,0.089935362,0.168692067,-0.142555773,-0.010449883,-0.091263905,-0.314421356,0.092804089,0.199494809,0.075942427,-0.006585967,0.363083482,0.249214575,-0.325633168,0.935638785,-0.150510758,0.241211295,-0.563530922,0.385467499,0.378152072,0.042157874
-0.013416380,-0.060356718,0.800093114,0.020698223,0.023949748,-0.695968628,0.717374086,0.050735310,0.065296248,0.152739763,0.090787612,0.139297634,-0.129146233,-0.084208526,-0.114548653,-0.332073241,0.244943097,0.151063785,0.055209566,-0.004369844,0.317360938,0.247523129,-0.275161475,0.924401641,-0.184494287,0.272618771,-0.559475780,0.366507024,0.446739078,0.077052936
-0.008207678,-0.055739418,0.795171320,0.022243904,0.029952206,-0.691020906,0.721871376,0.026709348,0.065727413,0.135266319,0.092121385,0.103176355,-0.114579171,-0.192534491,-0.150399387,-0.347050995,0.472137123,0.062296212,0.030716753,-0.001307795,0.271163851,0.244354263,-0.223861679,0.909831762,-0.215977296,0.297900051,-0.553900838,0.351720661,0.517409623,0.112495638
-0.003142037,-0.050089274,0.785588384,0.024966290,0.035626050,-0.689525425,0.722953796,-0.051412739,0.069588982,0.125832617,0.213236228,-0.014344789,-0.102258742,-0.291098475,-0.187842846,-0.349164575,0.680426657,0.000119224,0.006404417,0.001996029,0.228950292,0.236965254,-0.179986060,0.889072895,-0.232205987,0.297079027,-0.545563340,0.354748189,0.593763411,0.149647251
0.001858356,-0.044492148,0.774786949,0.027713403,0.040765151,-0.688985288,0.723097086,-0.126290813,0.072713606,0.121102601,0.331227839,-0.131332889,-0.091745563,-0.387612283,-0.222635418,-0.340480626,0.886793494,-0.056556474,-0.010841926,0.005072561,0.190000713,0.230491459,-0.139699757,0.867267013,-0.244144201,0.291111559,-0.537102997,0.359798878,0.668160260,0.186969012
0.006728279,-0.039001025,0.761548460,0.030511199,0.044836488,-0.690391958,0.721399844,-0.194681168,0.074364319,0.125780165,0.442973584,-0.247255623,-0.084846921,-0.480026186,-0.252126306,-0.310201079,1.089316130,-0.102229685,-0.013956030,0.007694520,0.157578960,0.225848079,-0.106591992,0.843366981,-0.247501403,0.274851024,-0.528396964,0.368896097,0.738643646,0.224631324
0.010797115,-0.034000680,0.748040676,0.032923959,0.048092313,-0.691794455,0.719738424,-0.259859830,0.077543832,0.130798489,0.555644155,-0.345515132,-0.078373440,-0.561987281,-0.273669034,-0.274644732,1.279803395,-0.138314173,-0.017331699,0.009089552,0.131039023,0.223585665,-0.077117890,0.821005046,-0.245359436,0.258938104,-0.516051948,0.368758976,0.799604416,0.261096686
0.014465421,-0.029245708,0.734398067,0.035144024,0.050940126,-0.693191528,0.718091607,-0.323432833,0.081487752,0.135987237,0.668777645,-0.434943318,-0.072112523,-0.638722241,-0.291237742,-0.236449897,1.464273691,-0.169604406,-0.020838162,0.009871123,0.107439905,0.222513705,-0.049460512,0.799412072,-0.240467891,0.243198931,-0.501887381,0.364004701,0.855804026,0.296963662
0.016668469,-0.025334183,0.723706722,0.036444403,0.052915998,-0.693022192,0.718047500,-0.375573993,0.084733233,0.132898822,0.764439285,-0.482980490,-0.067233846,-0.688683391,-0.308006704,-0.217518806,1.617359281,-0.199999750,-0.038211267,0.007840593,0.093175501,0.225715488,-0.029882196,0.788432479,-0.234253943,0.230870575,-0.474526763,0.346782476,0.899274826,0.321705252
0.018745106,-0.021856828,0.714492738,0.037546590,0.054420188,-0.693040311,0.717860758,-0.419068843,0.086750254,0.130623922,0.844210327,-0.522805929,-0.062638201,-0.730025530,-0.326128900,-0.204983443,1.753993750,-0.229548365,-0.058556467,0.005493009,0.082609758,0.228335053,-0.010335866,0.782298684,-0.228240997,0.221494138,-0.447450578,0.331211597,0.935129523,0.343648463
0.020569002,-0.019247696,0.708233476,0.038252771,0.054981552,-0.693439364,0.717395186,-0.445272744,0.086310498,0.129976019,0.892203212,-0.546209574,-0.058608506,-0.754131436,-0.346957862,-0.205238685,1.857730746,-0.257404327,-0.084846079,0.002511307,0.079440810,0.229790241,0.009147083,0.785855830,-0.222629949,0.218021199,-0.420942426,0.318943083,0.955753088,0.359995753
0.021927720,-0.017507201,0.705938876,0.038461048,0.054890946,-0.694608569,0.716258883,-0.454517722,0.085230604,0.131986603,0.908710241,-0.554995179,-0.055973947,-0.761417747,-0.370505512,-0.218031719,1.918459892,-0.281629503,-0.112737611,-0.000380968,0.082578138,0.228265733,0.029180760,0.796797454,-0.218005180,0.213724881,-0.395504951,0.319040596,0.970960379,0.362590909
0.023053838,-0.016201044,0.705626667,0.038420234,0.054474160,-0.696160316,0.714784801,-0.455283254,0.083830655,0.135326400,0.909474075,-0.556471646,-0.054036982,-0.760294259,-0.395412236,-0.237093523,1.957684755,-0.304039061,-0.141429842,-0.003228501,0.088868588,0.225251451,0.049489606,0.811431229,-0.213873610,0.209016934,-0.370603025,0.325321138,0.983459294,0.358309954
0.022864271,-0.016055722,0.711918950,0.037399624,0.053675152,-0.698694944,0.712422371,-0.431727856,0.083014384,0.140220970,0.863288283,-0.531634390,-0.054101832,-0.733663321,-0.410117984,-0.266475558,1.919191599,-0.312797338,-0.159303486,-0.004997144,0.101793490,0.219269127,0.069774695,0.827013731,-0.212398231,0.200291634,-0.349444568,0.337143511,0.995519936,0.347035229
0.022431713,-0.016357994,0.719879031,0.036092144,0.052887853,-0.701361418,0.709924221,-0.400875360,0.081868626,0.145028099,0.802894950,-0.498050332,-0.053903379,-0.699839175,-0.415183544,-0.294027239,1.853983402,-0.312616110,-0.167098939,-0.006580234,0.115380749,0.212402329,0.090316862,0.842420936,-0.209863931,0.188905537,-0.328052014,0.345794976,1.010164499,0.336579025
0.021513196,-0.017555427,0.731174111,0.034211360,0.052124504,-0.704297721,0.707161546,-0.355430067,0.080063969,0.149660200,0.714089394,-0.446974337,-0.053178355,-0.651630521,-0.400968790,-0.317917258,1.735348582,-0.294556171,-0.154738083,-0.007792160,0.130292162,0.203766823,0.111372411,0.857477069,-0.205211923,0.172198370,-0.306192070,0.348104417,1.029976368,0.327760309
0.020303641,-0.019722722,0.743620813,0.031883702,0.051462688,-0.707260251,0.704356551,-0.296612918,0.076883040,0.153087556,0.599700391,-0.379871130,-0.052363358,-0.591804028,-0.368969977,-0.331041098,1.571061373,-0.261606753,-0.123430386,-0.009378703,0.146452621,0.196102545,0.131606713,0.871957421,-0.194414496,0.153029889,-0.285839021,0.341569960,1.049247265,0.322502196
0.018948551,-0.022374965,0.756643414,0.029332204,0.050850980,-0.710226715,0.701521218,-0.231109381,0.073013961,0.155912533,0.472518802,-0.304753810,-0.051503383,-0.526168108,-0.328078955,-0.338781983,1.383947134,-0.221212357,-0.082649171,-0.011152562,0.163237721,0.188923866,0.151430458,0.886149943,-0.180544272,0.132630691,-0.266239375,0.330613494,1.068247676,0.319024384
0.016752081,-0.025782466,0.767597079,0.026610769,0.050781161,-0.712467968,0.699358702,-0.139497265,0.066628084,0.155782998,0.287645012,-0.198137388,-0.051647313,-0.447470546,-0.281039894,-0.331673056,1.166602373,-0.168238312,-0.038355183,-0.012657039,0.182393312,0.190341383,0.159654334,0.892645359,-0.160080194,0.122545287,-0.258934200,0.306255162,1.061934590,0.315807134
0.014143607,-0.028814722,0.776924789,0.024158180,0.050814532,-0.714019001,0.697861850,-0.070049949,0.064152688,0.152580753,0.149426788,-0.117925555,-0.053493962,-0.367093384,-0.236439168,-0.319316268,0.952997088,-0.115221083,0.005018142,-0.014484781,0.202823728,0.196317539,0.159839123,0.894076705,-0.137191325,0.114298567,-0.253223866,0.281493157,1.048816919,0.309053361
0.010711133,-0.031096492,0.783000350,0.022243980,0.051055577,-0.714207828,0.697714686,-0.044931818,0.069498166,0.143233135,0.104518756,-0.090522423,-0.058745995,-0.283357084,-0.196715072,-0.296463788,0.746870697,-0.062117483,0.046550162,-0.016959043,0.225803792,0.211410820,0.143945947,0.885379791,-0.109452903,0.109729178,-0.250703186,0.255923688,1.022089958,0.295226485
0.006890030,-0.032903329,0.785846293,0.021743719,0.051083509,-0.713202357,0.698756099,-0.036145397,0.074879050,0.130898833,0.089155406,-0.081964627,-0.069308400,-0.197370395,-0.165010974,-0.275074005,0.552065849,-0.013941634,0.082829744,-0.020579917,0.246038765,0.236325741,0.113140620,0.870715141,-0.076154307,0.109591529,-0.256038010,0.239651486,0.981781721,0.274091959
0.002874646,-0.034472685,0.787077308,0.021950368,0.051004715,-0.711597502,0.700389683,-0.035524912,0.080277584,0.117071316,0.088564545,-0.082829572,-0.082525872,-0.110259332,-0.137317151,-0.254415780,0.362923682,0.031769883,0.116482764,-0.024774063,0.264901012,0.266151220,0.074879527,0.853066623,-0.040075950,0.111669742,-0.265300572,0.228028104,0.934683144,0.249303818
-0.001277200,-0.034993391,0.785022020,0.023923848,0.050272688,-0.709337175,0.702667177,-0.038846087,0.082016520,0.101833522,0.088576198,-0.087128192,-0.097572215,-0.033830121,-0.116619408,-0.252453476,0.199060589,0.034023616,0.134938374,-0.027075646,0.268298417,0.305901915,0.026277557,0.844506562,-0.004018504,0.112358287,-0.286918759,0.238717139,0.883773088,0.221498102
-0.005524960,-0.035203468,0.782602906,0.026060978,0.049598288,-0.707671881,0.704316378,-0.042546377,0.083836384,0.090038225,0.088694304,-0.092696801,-0.111100160,0.015024780,-0.101994723,-0.252908260,0.089336038,0.007233014,0.145507231,-0.027700426,0.267139047,0.343498468,-0.017230747,0.839947701,0.031765200,0.111603111,-0.309591353,0.252431959,0.835441113,0.199276060
-0.009964580,-0.034792263,0.779455781,0.028525891,0.049040146,-0.707210779,0.704722881,-0.047004949,0.085818127,0.085128009,0.089025341,-0.100805476,-0.121591330,0.008729970,-0.099516369,-0.258197248,0.087890729,-0.077647902,0.140302211,-0.024971513,0.256865799,0.376787007,-0.050551735,0.843391418,0.067001641,0.107960440,-0.334372997,0.272198498,0.792265236,0.188221574
-0.013189163,-0.033778321,0.777227163,0.031168886,0.049676374,-0.709626436,0.702133298,-0.052310336,0.087748170,0.090655565,0.089387745,-0.108415887,-0.126565635,-0.001850842,-0.098474130,-0.251500160,0.087228157,-0.125602245,0.135599598,-0.018015716,0.241554379,0.398251444,-0.055098340,0.850102901,0.091843843,0.096786685,-0.358800948,0.297410637,0.761074245,0.179502591
-0.015806254,-0.032462995,0.775457799,0.033899941,0.050908219,-0.713458061,0.698023498,-0.058039185,0.089652382,0.101402119,0.089765824,-0.115777232,-0.128781527,-0.014574777,-0.098149955,-0.238809898,0.086956955,-0.155093566,0.131148130,-0.008946394,0.223723724,0.413803965,-0.045257650,0.858448505,0.111489102,0.081847236,-0.383052289,0.325345844,0.735875547,0.171951279
-0.017060997,-0.030584697,0.776301563,0.037053145,0.053017989,-0.718185127,0.692839146,-0.065438017,0.090505794,0.111152515,0.090351455,-0.100060269,-0.121319823,-0.029514669,-0.098137520,-0.227870703,0.086753681,-0.146775842,0.132868797,0.000088181,0.197084725,0.403989196,0.014416778,0.871989131,0.087332278,0.067390449,-0.399062157,0.348571122,0.736105561,0.162716955
-0.018297475,-0.028724853,0.777316689,0.039477766,0.055025503,-0.721221328,0.689386368,-0.074608937,0.092890836,0.115228713,0.094935670,-0.082802504,-0.112118222,-0.041847222,-0.096703507,-0.223069608,0.086601898,-0.138751388,0.134766594,0.007071582,0.167747036,0.389424115,0.081673399,0.882110357,0.047872610,0.058048926,-0.409429759,0.362382442,0.743850410,0.155322626
-0.019497434,-0.026901886,0.778674483,0.040449038,0.056833953,-0.720949471,0.689467728,-0.087324083,0.098339118,0.107956715,0.107516997,-0.062462941,-0.099436782,-0.048965350,-0.092426360,-0.230544463,0.086553127,-0.131313354,0.137018666,0.009952786,0.133011729,0.365358531,0.164095029,0.885393143,-0.022192767,0.058937646,-0.408513069,0.357366443,0.766624868,0.151608109
-0.020430328,-0.024824133,0.778913736,0.039656140,0.058133245,-0.719726801,0.690681756,-0.120785758,0.104739964,0.091839775,0.177495465,-0.081422731,-0.105759978,-0.051200151,-0.086640522,-0.240182459,0.086499900,-0.126193538,0.139849946,0.013638439,0.103825696,0.339173853,0.234252602,0.863438606,-0.098859981,0.063445941,-0.403421134,0.350082666,0.797458053,0.157033354
-0.021229694,-0.022618970,0.778593719,0.037980873,0.059177559,-0.718023837,0.692457378,-0.164621085,0.111617126,0.071300186,0.276173413,-0.120032623,-0.121585689,-0.050993271,-0.080100298,-0.250902057,0.086444438,-0.122232810,0.142970875,0.017726347,0.077414133,0.311929494,0.298278511,0.828865051,-0.178828657,0.069764063,-0.396241516,0.341664910,0.832320750,0.167028591
-0.021289878,-0.021205496,0.776933014,0.034942899,0.059873447,-0.715798736,0.694857001,-0.178152427,0.111828208,0.050605848,0.320429981,-0.140417308,-0.142582685,-0.046429709,-0.073403358,-0.257412255,0.086517990,-0.120306067,0.147856072,0.019194830,0.070446476,0.289001435,0.314238936,0.751289487,-0.244713247,0.078195229,-0.386580765,0.338716209,0.872255325,0.187271655
-0.021033093,-0.019979188,0.774887860,0.032094806,0.060655259,-0.714019716,0.696754336,-0.188833311,0.113151982,0.040471181,0.357295692,-0.160903037,-0.148903340,-0.043007795,-0.067678869,-0.260883510,0.086719781,-0.118613511,0.153257310,0.019807046,0.069289237,0.267715484,0.316592246,0.666553438,-0.303509265,0.084556580,-0.376649261,0.339605987,0.915638506,0.205842987
-0.020142365,-0.019127224,0.772073805,0.029627495,0.061610579,-0.713153064,0.697666764,-0.193813175,0.116701208,0.051456261,0.379379302,-0.181590825,-0.125870749,-0.041869197,-0.063899338,-0.258276701,0.087178066,-0.117389344,0.159690604,0.018706702,0.079753056,0.249713913,0.291730940,0.567496061,-0.348127961,0.086778246,-0.366176337,0.348172814,0.965919137,0.221070796
-0.018378412,-0.018363608,0.769626260,0.028180595,0.062403928,-0.712488830,0.698334694,-0.201962918,0.118690029,0.058398422,0.399530470,-0.205309421,-0.109959148,-0.041741971,-0.063417561,-0.255704433,0.087806776,-0.111317299,0.164180756,0.015598956,0.091614410,0.236383200,0.253008962,0.474063873,-0.402641356,0.086711906,-0.354962945,0.359439403,1.021467447,0.220738977
-0.016177876,-0.017644184,0.767361939,0.027243977,0.063116342,-0.711926520,0.698881090,-0.211697489,0.119898602,0.063318945,0.418715000,-0.230543002,-0.097608417,-0.042120438,-0.064584695,-0.253149480,0.088520683,-0.102821380,0.167699218,0.011487550,0.104174331,0.225388214,0.207357273,0.383446097,-0.462101161,0.085501537,-0.343379438,0.372055680,1.079648733,0.212627202
-0.012987627,-0.016833358,0.765123606,0.028116580,0.063525826,-0.712430000,0.698296070,-0.222373411,0.116343372,0.072117105,0.436938137,-0.250007361,-0.090144426,-0.045575731,-0.071562953,-0.249746293,0.091189548,-0.079279944,0.169253349,0.005740825,0.108453706,0.215556175,0.161065012,0.317217290,-0.513426185,0.082336754,-0.330016583,0.387068003,1.132321358,0.196817473
-0.009403301,-0.015643219,0.762283206,0.029745216,0.063851424,-0.713580489,0.697023034,-0.234979525,0.111649074,0.083785214,0.457324594,-0.272970766,-0.082386032,-0.082867801,-0.087996356,-0.239706010,0.163602978,-0.085001782,0.170695886,-0.000736685,0.110559344,0.207026467,0.114295043,0.254694283,-0.560316741,0.080369756,-0.319061816,0.403226912,1.176903844,0.180874854
-0.005030757,-0.013694413,0.758238733,0.032885589,0.064008430,-0.716016054,0.694364905,-0.251446337,0.104676500,0.101193555,0.482038200,-0.302932769,-0.074038751,-0.187836036,-0.123340882,-0.216391072,0.375510931,-0.149252132,0.171915278,-0.008675894,0.108317375,0.201101393,0.066568971,0.199582353,-0.598338664,0.080798365,-0.312923223,0.421679258,1.205306172,0.164666235
-0.000724470,-0.010736404,0.752497554,0.037391149,0.064267337,-0.719816923,0.690170467,-0.279212177,0.097442389,0.121766068,0.525563300,-0.339989483,-0.065747812,-0.302180827,-0.153420955,-0.176171482,0.585708380,-0.184484661,0.174841732,-0.017329324,0.104577906,0.200355962,0.015953576,0.133028299,-0.625357270,0.082432106,-0.310124636,0.448123217,1.218767643,0.152584121
0.003548715,-0.007273792,0.745908260,0.042577282,0.064573824,-0.724263012,0.685171962,-0.312627554,0.090077452,0.143920749,0.578494132,-0.380593628,-0.057484992,-0.421214432,-0.180869088,-0.127499565,0.795051932,-0.205208972,0.178621724,-0.026339909,0.100089692,0.202200264,-0.036106769,0.060752925,-0.646874607,0.084668398,-0.308995932,0.478563040,1.224758863,0.142565101
0.006368425,-0.003865534,0.737647891,0.047808789,0.064368904,-0.728174806,0.680685282,-0.353537381,0.088353902,0.162792265,0.650064170,-0.421056926,-0.053097852,-0.536655426,-0.198826864,-0.083049446,0.999443769,-0.224122703,0.177955031,-0.036747154,0.080139749,0.220819086,-0.085918434,-0.043375440,-0.666016698,0.090413868,-0.308111906,0.508237720,1.219752669,0.137725532
0.008882750,-0.000880585,0.729785681,0.052567698,0.063690469,-0.730774045,0.677605689,-0.390610993,0.085932210,0.178869992,0.716322839,-0.456989646,-0.048890591,-0.644889355,-0.221282929,-0.050369255,1.204337835,-0.251944065,0.164587840,-0.048367381,0.049791917,0.237844527,-0.128466830,-0.149925679,-0.679852366,0.101028353,-0.306825489,0.528299809,1.211084962,0.133600697
0.010786295,0.001257728,0.722719848,0.056385707,0.062070973,-0.730816126,0.677403748,-0.420012176,0.082114190,0.189359978,0.771958351,-0.483861059,-0.045043070,-0.738709092,-0.252735764,-0.041229371,1.410236120,-0.297581106,0.125819132,-0.062413618,-0.001352095,0.251683116,-0.156488389,-0.261319757,-0.683075070,0.121381059,-0.304734319,0.529136300,1.195094228,0.130905330
0.012624224,0.001302448,0.719343841,0.058815822,0.059590206,-0.729160845,0.679201245,-0.429239094,0.074464455,0.196772963,0.793559313,-0.495426595,-0.042581711,-0.804638743,-0.293661594,-0.049926676,1.584805131,-0.342389286,0.072290502,-0.077716134,-0.074191973,0.259374589,-0.169106856,-0.349958777,-0.675624192,0.148063898,-0.298641622,0.508566737,1.180117130,0.127555519
0.014429344,0.000300332,0.717812777,0.060551018,0.056677867,-0.726645589,0.681987882,-0.428378493,0.064898819,0.202647388,0.798142314,-0.499338925,-0.040813453,-0.856622756,-0.339324087,-0.067542911,1.743708849,-0.386782974,0.011381613,-0.093646809,-0.157880187,0.263992429,-0.174023479,-0.427219808,-0.662836373,0.177911907,-0.290548116,0.477293819,1.165646911,0.123878479
0.015683796,-0.003082570,0.721790552,0.059814841,0.050717860,-0.726389945,0.682793736,-0.393198043,0.050454956,0.213091388,0.753521562,-0.480611324,-0.042106822,-0.864391327,-0.381127208,-0.094370477,1.825635672,-0.420540750,-0.040101960,-0.107049890,-0.237979636,0.265393227,-0.169744238,-0.449964345,-0.628966928,0.205504298,-0.278440446,0.439998209,1.165462971,0.106102318
0.016600180,-0.007100963,0.727338076,0.058621757,0.044112269,-0.727620900,0.682044983,-0.346740574,0.035420209,0.226983458,0.691220045,-0.452382326,-0.044532314,-0.861998618,-0.412996322,-0.118444383,1.878767729,-0.445559084,-0.079399347,-0.118899435,-0.309726357,0.272156060,-0.167544633,-0.459816694,-0.590801537,0.230350271,-0.266595513,0.403598428,1.168542147,0.086362004
0.016840445,-0.012390188,0.736024797,0.056514751,0.036216043,-0.731821001,0.678183198,-0.277731299,0.019204034,0.247771114,0.593559802,-0.405152082,-0.049221881,-0.839285076,-0.424997717,-0.137010574,1.874313116,-0.453099042,-0.094324872,-0.127641916,-0.364767462,0.289642632,-0.169504434,-0.443886727,-0.544045448,0.249703333,-0.255276263,0.368990779,1.178147316,0.062694110
0.016619276,-0.018863000,0.746258020,0.054254122,0.028333880,-0.737885773,0.672144651,-0.183549181,-0.005932131,0.272050947,0.441166461,-0.326014310,-0.051781863,-0.805786014,-0.419944018,-0.148773551,1.822057247,-0.444017708,-0.088556111,-0.135936186,-0.400835931,0.327359200,-0.179879978,-0.426437318,-0.503752947,0.265522152,-0.250530571,0.333408922,1.183638573,0.041440222
0.016167391,-0.025927598,0.757264555,0.051911041,0.020456165,-0.744804025,0.664946437,-0.076780915,-0.035528205,0.298076868,0.261407077,-0.230923042,-0.053277072,-0.766894162,-0.406362951,-0.157134995,1.745900989,-0.426625907,-0.072440401,-0.144006342,-0.427418321,0.375190586,-0.194463328,-0.408228219,-0.466692269,0.279573888,-0.249071583,0.297339976,1.187072754,0.021393308
0.014674265,-0.032997720,0.767505646,0.050186813,0.014176551,-0.752131224,0.656946838,-0.005464500,-0.058453836,0.324698031,0.158639878,-0.161365777,-0.054895386,-0.720955968,-0.377502203,-0.152997598,1.613630056,-0.390179485,-0.033266239,-0.151597753,-0.457464278,0.418122828,-0.231230229,-0.372884750,-0.419889390,0.286268294,-0.254393101,0.262969136,1.181625843,0.002498295
0.013100274,-0.039751921,0.776551008,0.048938103,0.008415267,-0.758668959,0.649581134,0.048723418,-0.076536618,0.349243045,0.089922413,-0.105874173,-0.057455674,-0.673609734,-0.349468321,-0.144767269,1.469544053,-0.349422067,0.009987819,-0.158713818,-0.490506053,0.464315176,-0.274808675,-0.336383522,-0.368440509,0.291056991,-0.260606736,0.228582636,1.173633337,-0.011672026
0.011364523,-0.045874484,0.783205450,0.048651055,0.003694005,-0.763786376,0.643622339,0.068657480,-0.084934659,0.369636655,0.089299224,-0.078511052,-0.061899878,-0.623446167,-0.323087394,-0.128351301,1.301825047,-0.300042033,0.061402351,-0.164879426,-0.529539943,0.517028630,-0.332010686,-0.297566086,-0.307698667,0.292034566,-0.268604636,0.194163889,1.160549641,-0.016393803
0.009268248,-0.051455520,0.786804438,0.049006417,-0.000885725,-0.767378449,0.639318347,0.085861295,-0.093243994,0.383970678,0.088937074,-0.058299277,-0.067529537,-0.565814614,-0.307769179,-0.113437250,1.120879412,-0.239961505,0.101953357,-0.168998092,-0.575515449,0.571768403,-0.399254084,-0.256652892,-0.227460817,0.293384016,-0.276514351,0.159030795,1.141246796,-0.006860944
0.006991714,-0.056765787,0.788875639,0.049682684,-0.005394509,-0.770202935,0.635838032,0.101700030,-0.101508975,0.395274997,0.088705450,-0.041663107,-0.073751912,-0.504449189,-0.297982216,-0.099274151,0.933320463,-0.174530804,0.137072697,-0.172093317,-0.624961793,0.627521336,-0.471518070,-0.214691877,-0.137475118,0.294919342,-0.284379989,0.123540536,1.118834257,0.009799100
0.003349384,-0.061373256,0.785972476,0.049621828,-0.010304544,-0.770457447,0.635473669,0.117437869,-0.105885744,0.401804864,0.088754080,-0.053991236,-0.080715396,-0.421877503,-0.298793316,-0.086588442,0.731147289,-0.104994960,0.140837282,-0.170292810,-0.673698604,0.675722718,-0.556567490,-0.181103647,-0.058800384,0.305169195,-0.291824996,0.094557315,1.087036729,0.018854626
-0.001011441,-0.066216260,0.781484127,0.048726309,-0.015081626,-0.769399047,0.636728644,0.133851796,-0.106866017,0.403843462,0.088659570,-0.082402110,-0.090133339,-0.331573695,-0.298279554,-0.082044989,0.536438942,-0.060215220,0.145203397,-0.168909460,-0.716854870,0.720492840,-0.641678452,-0.151050448,0.008390404,0.316337973,-0.296906263,0.066605344,1.061703563,0.038089644
-0.006809284,-0.071530357,0.773825288,0.046161484,-0.019592540,-0.765714765,0.641222358,0.151617929,-0.101053216,0.396899402,0.088278785,-0.142979085,-0.104460314,-0.225805253,-0.295115948,-0.093786374,0.356660724,-0.064948626,0.150772631,-0.168360442,-0.748849690,0.758400559,-0.726912558,-0.128067449,0.052612849,0.329344690,-0.297259986,0.040715944,1.049299359,0.077684037
-0.012197584,-0.076295465,0.773237050,0.045154698,-0.022777185,-0.763904452,0.643344641,0.165191114,-0.096985944,0.392950535,0.087912984,-0.155426875,-0.113346197,-0.166337937,-0.290085495,-0.099063434,0.263567269,-0.056681827,0.150686756,-0.163943082,-0.745030761,0.784102976,-0.786520898,-0.103483662,0.082438827,0.318875164,-0.293708265,0.024848251,1.062019944,0.127847165
-0.017381007,-0.080785975,0.776184201,0.044927593,-0.025298839,-0.763041556,0.644289613,0.176667497,-0.093791530,0.390499264,0.087554693,-0.143809378,-0.119511306,-0.130022779,-0.284121662,-0.101108156,0.213818774,-0.041914951,0.147773251,-0.157591611,-0.723304749,0.803702176,-0.833315015,-0.078099921,0.105065860,0.296667516,-0.288203865,0.013991809,1.087302923,0.183293805
-0.021972438,-0.083780922,0.782805920,0.046021514,-0.027161423,-0.764151514,0.642819524,0.183738261,-0.093285784,0.372498691,0.087561712,-0.087407187,-0.110160403,-0.140813142,-0.281761736,-0.080251567,0.251053989,-0.003588699,0.165644795,-0.154637039,-0.614006996,0.799671412,-0.801044345,-0.021954034,0.076447576,0.247100115,-0.274972349,-0.011336349,1.136984110,0.234023333
-0.026467055,-0.086025938,0.788829684,0.047058519,-0.028695446,-0.765970469,0.640508831,0.188674331,-0.092017159,0.355695128,0.087756164,-0.022371054,-0.097382993,-0.157051712,-0.277844489,-0.053230051,0.295361459,0.032738555,0.187228888,-0.149673358,-0.492880583,0.786849499,-0.752563894,0.045342375,0.049365036,0.198686153,-0.259351999,-0.036533695,1.177822590,0.280406654
-0.030768165,-0.086771235,0.793657541,0.047981456,-0.029572241,-0.769203186,0.636513829,0.189341277,-0.089222848,0.341285050,0.088325493,0.059933718,-0.077752583,-0.184186518,-0.270812720,-0.013878634,0.353813738,0.065068945,0.216238305,-0.140691563,-0.348094791,0.756446242,-0.671664476,0.134940401,0.025353123,0.152577803,-0.238953874,-0.061470076,1.200977325,0.318099260
-0.036005154,-0.086066365,0.795554996,0.049367692,-0.029929608,-0.773003459,0.631769538,0.184435785,-0.085665122,0.341863573,0.090480246,0.144212067,-0.041993797,-0.213964120,-0.263785362,0.015522247,0.419486642,0.065269679,0.228258818,-0.127336472,-0.247214898,0.685733318,-0.595320106,0.267914116,-0.015155893,0.115996458,-0.215758204,-0.072344258,1.189486265,0.342859268
-0.041710079,-0.084636427,0.795987368,0.050984144,-0.030026414,-0.777065396,0.626632631,0.176744148,-0.081725687,0.349936247,0.093427680,0.229477167,0.001829013,-0.245063111,-0.256760240,0.039947957,0.488769829,0.049405903,0.231785014,-0.111794792,-0.168287516,0.594866037,-0.521253109,0.422575265,-0.063913301,0.084178515,-0.191163793,-0.076187484,1.160672426,0.361153156
-0.049301125,-0.082517728,0.791130066,0.052198600,-0.027406402,-0.778331161,0.625079811,0.031260617,-0.012219036,0.385111302,0.412646949,0.120851800,0.053295702,-0.263213396,-0.249339372,0.026002940,0.532253802,0.003373273,0.197682515,-0.098636128,-0.116172232,0.501481414,-0.428034365,0.549117565,-0.139761865,0.062915005,-0.174212471,-0.039346054,1.078458905,0.377460182
-0.057160217,-0.080386102,0.784528613,0.052907497,-0.023935752,-0.778467536,0.624993145,-0.102308795,0.051719911,0.402116030,0.697432220,0.029945422,0.083494931,-0.276455492,-0.239738077,0.005344970,0.563924074,-0.053951725,0.168276668,-0.085747778,-0.065115325,0.414607763,-0.332699448,0.655329645,-0.214229554,0.044756699,-0.159213156,-0.002253654,0.984004498,0.389175206
-0.065555409,-0.078228623,0.774438381,0.052604929,-0.018763766,-0.776340127,0.627834916,-0.212049544,0.104523242,0.382779419,0.913348198,-0.025522299,0.071158446,-0.279880941,-0.225775823,-0.028739169,0.571966529,-0.133861899,0.148264304,-0.073400095,-0.016175248,0.340756208,-0.233132064,0.720880568,-0.285935491,0.032808930,-0.148117930,0.035340704,0.865067959,0.391706020
-0.073103115,-0.075557798,0.761373401,0.052584659,-0.012719647,-0.774177372,0.630652487,-0.323614240,0.144070834,0.347594678,1.114642859,-0.079417609,0.035314832,-0.304695696,-0.211201429,-0.054580308,0.613382697,-0.229891539,0.130230546,-0.058872793,0.036844604,0.284739912,-0.140551910,0.752885163,-0.345323622,0.013815918,-0.139168203,0.064668909,0.735844791,0.399804473
-0.080226935,-0.072630331,0.746821284,0.052703843,-0.006239284,-0.771971881,0.633437335,-0.436088800,0.176989660,0.304486394,1.308622837,-0.132525668,-0.012281878,-0.340204835,-0.196321249,-0.076299377,0.671485186,-0.333979219,0.113186449,-0.043255951,0.091903374,0.237642452,-0.051467210,0.768115699,-0.398551643,-0.008699420,-0.131291434,0.089863397,0.601480603,0.410686612
-0.085826196,-0.068793163,0.732667744,0.055271491,-0.001052947,-0.772809863,0.632225394,-0.544265091,0.196186543,0.284367144,1.474624395,-0.173624322,-0.036616731,-0.405700982,-0.187904775,-0.076820366,0.783001661,-0.397401989,0.103477366,-0.021178935,0.147188485,0.195981085,0.013227375,0.777420402,-0.436092019,-0.060411807,-0.131835222,0.118120320,0.479696453,0.468497992
-0.090750739,-0.065402180,0.720345438,0.057614595,0.003060441,-0.773665607,0.630961776,-0.641043365,0.210986018,0.270535737,1.621065617,-0.210287809,-0.053304598,-0.461868465,-0.181210726,-0.077245966,0.878865898,-0.449712813,0.095125429,0.001026195,0.200068891,0.162421510,0.057422657,0.798519731,-0.471081316,-0.118517675,-0.134741783,0.147969782,0.368422985,0.534437954
-0.094325870,-0.062903568,0.711685658,0.059511509,0.005027799,-0.774597883,0.629627943,-0.715026081,0.216990530,0.269280285,1.728386402,-0.238081142,-0.054698221,-0.499378622,-0.177961454,-0.077480800,0.943426013,-0.479799718,0.089487776,0.023487845,0.248140454,0.145065650,0.060618579,0.843209505,-0.500968754,-0.189411640,-0.142374113,0.181004763,0.278170109,0.616636395
-0.096948817,-0.061282292,0.706863880,0.059800327,0.006430424,-0.773011923,0.631534040,-0.766968727,0.215378463,0.265368462,1.797382832,-0.260607928,-0.058463663,-0.515935779,-0.176428258,-0.084739223,0.976655126,-0.498079658,0.084872812,0.041966148,0.288437545,0.136546537,0.027404416,0.905706644,-0.513686717,-0.259422839,-0.156543314,0.210808426,0.190476418,0.681191921
-0.099095725,-0.060099661,0.703961015,0.059284214,0.007550593,-0.770155311,0.635050535,-0.807891965,0.209958255,0.260128528,1.847218275,-0.280501693,-0.063414998,-0.522016764,-0.175753027,-0.095509373,0.994219482,-0.510456443,0.080769137,0.058452960,0.324847788,0.132445604,-0.024014423,0.977107584,-0.517820299,-0.328993142,-0.173980936,0.238996625,0.104061753,0.736926496
-0.100402214,-0.060331844,0.706865430,0.057950359,0.009878190,-0.764953494,0.641397357,-0.818687439,0.210722506,0.261077940,1.846492529,-0.296310753,-0.062869571,-0.506818354,-0.173372597,-0.113540985,0.971940398,-0.503074586,0.075250119,0.069612935,0.348293960,0.139287293,-0.088336743,1.039586544,-0.501391649,-0.386524349,-0.213583663,0.269327015,0.011853460,0.755296707
-0.101641797,-0.060827106,0.711317599,0.056392547,0.012521835,-0.759362578,0.648098528,-0.819730580,0.214718595,0.264710903,1.830200553,-0.310966223,-0.060252029,-0.485716850,-0.169149905,-0.132818118,0.937204480,-0.489696145,0.068918690,0.079313263,0.369924843,0.146372542,-0.149146795,1.095601916,-0.476291478,-0.441702873,-0.259790152,0.304494530,-0.077265739,0.761109710
-0.102747597,-0.061848544,0.718865454,0.054389935,0.015797818,-0.753033161,0.655540466,-0.801268876,0.225178480,0.273711026,1.782775640,-0.323314458,-0.053490169,-0.452808976,-0.161242604,-0.154586345,0.877554417,-0.464324206,0.060962409,0.086094253,0.387925059,0.153944910,-0.202932194,1.138690233,-0.433848143,-0.492175847,-0.319204390,0.349336505,-0.160206646,0.741807878
-0.103353515,-0.063839145,0.728072762,0.051337957,0.018791839,-0.745972753,0.663728893,-0.765948057,0.234835476,0.281090498,1.709127426,-0.328301191,-0.052301817,-0.406219602,-0.150137231,-0.178539410,0.794780493,-0.429663122,0.054091744,0.089783147,0.405760288,0.159994289,-0.247814864,1.171297312,-0.378539562,-0.536838353,-0.389975786,0.404382408,-0.229667380,0.705033302
-0.103709497,-0.066314377,0.738109887,0.047756914,0.021643087,-0.738481581,0.672231972,-0.722196877,0.244091138,0.287659705,1.622365952,-0.329607099,-0.053900342,-0.352788568,-0.137432590,-0.203585267,0.700442970,-0.390356719,0.047763828,0.091925964,0.423513263,0.165282190,-0.288246512,1.198663712,-0.316797346,-0.578596056,-0.466426969,0.464531243,-0.292388558,0.659521461
-0.102967583,-0.070071667,0.749539137,0.042401820,0.023013264,-0.729769111,0.681989312,-0.659030318,0.245997131,0.283822298,1.507734299,-0.310703129,-0.069781721,-0.282066286,-0.120477922,-0.230281428,0.583233654,-0.324514925,0.044211745,0.089833491,0.443779707,0.168617010,-0.318933129,1.210916162,-0.256970018,-0.608231127,-0.556368351,0.537341595,-0.332299292,0.576277018
-0.101901799,-0.074004039,0.760556519,0.036888402,0.023811111,-0.721178532,0.691356659,-0.591213942,0.245821133,0.277374297,1.384909987,-0.285821795,-0.088569432,-0.208361521,-0.102313481,-0.255762786,0.461102724,-0.251154453,0.042088173,0.087478243,0.464939117,0.170450673,-0.344408602,1.218456984,-0.204308435,-0.633449137,-0.647714436,0.611676395,-0.365980595,0.479472280
-0.100188263,-0.078286581,0.770750046,0.031068545,0.023469146,-0.712991893,0.700090468,-0.514097691,0.241481081,0.265705138,1.245699883,-0.248985440,-0.113169923,-0.128691688,-0.081729412,-0.278814435,0.329128265,-0.162756413,0.042821668,0.084597461,0.487884670,0.169281989,-0.359461546,1.216574073,-0.165978611,-0.649832964,-0.741869807,0.689060152,-0.387202859,0.355546474
-0.097646408,-0.082217380,0.779389143,0.025569752,0.022268379,-0.705516458,0.707881927,-0.430314422,0.234818503,0.253651768,1.091877222,-0.200224087,-0.134921372,-0.054345448,-0.062862992,-0.297886312,0.208239734,-0.070206426,0.043154642,0.082062207,0.508768022,0.166204363,-0.371466011,1.212136269,-0.143360138,-0.670482516,-0.837267220,0.774035692,-0.401593298,0.219136104
-0.094690368,-0.085972294,0.787250996,0.020230601,0.020637104,-0.698359489,0.715163648,-0.343197525,0.226994604,0.241406322,0.930748105,-0.145500019,-0.155248255,0.017338896,-0.044855420,-0.314968228,0.092894375,0.024419587,0.043287333,0.079699725,0.528620183,0.162172228,-0.381946206,1.206421018,-0.128597632,-0.693265080,-0.933285654,0.862807274,-0.412567616,0.076483235
-0.091289073,-0.089120306,0.791466117,0.015174333,0.018446583,-0.691912413,0.721586347,-0.248128727,0.215866998,0.221158743,0.747843981,-0.076615721,-0.172346994,0.038515974,-0.043816917,-0.326309681,0.091845177,0.047604717,0.041292839,0.076954328,0.544516742,0.156679377,-0.385717511,1.202389359,-0.131246671,-0.747215033,-1.010553837,0.981806636,-0.407361060,-0.070429228
-0.087674670,-0.092196383,0.794452310,0.010204015,0.016412694,-0.685288250,0.728015542,-0.149311587,0.204556286,0.198900148,0.554751337,-0.004946250,-0.190197453,0.059185386,-0.042879626,-0.339875758,0.091175556,0.063841216,0.039227057,0.074693091,0.556289315,0.152585581,-0.390273929,1.200440407,-0.138636202,-0.800705552,-1.080730319,1.099134803,-0.400850743,-0.215789735
-0.083633915,-0.095128782,0.794981122,0.005407581,0.014694234,-0.678387344,0.734537661,-0.042993430,0.192878872,0.172618866,0.341273636,0.072296485,-0.209552214,0.078841873,-0.042144272,-0.357891560,0.091262102,0.066184007,0.037018660,0.073399998,0.559814930,0.151289552,-0.396400928,1.202656031,-0.155506030,-0.853279173,-1.136728168,1.213125706,-0.391733199,-0.358053893
-0.079626225,-0.097569555,0.793088078,0.000814743,0.014031552,-0.670764863,0.741536915,0.029075820,0.187709451,0.151370406,0.197623685,0.083385661,-0.216493160,0.095711425,-0.039510176,-0.376263589,0.091139860,0.047960244,0.038524061,0.071716487,0.555613816,0.152711228,-0.399808884,1.206099629,-0.174894214,-0.880164623,-1.180955529,1.293643355,-0.381533474,-0.476691067
-0.075635053,-0.099764526,0.789984047,-0.003676083,0.013895739,-0.662731826,0.748718917,0.084020935,0.185794011,0.132638276,0.088886909,0.061398704,-0.217227295,0.111187533,-0.035926726,-0.394813687,0.090913214,0.019453390,0.041886318,0.069837779,0.547549307,0.155491725,-0.401857346,1.210157037,-0.195541576,-0.894206285,-1.219297767,1.357424617,-0.370792657,-0.583514988
-0.072025999,-0.101505578,0.784938693,-0.007590306,0.015729237,-0.652902126,0.757240891,0.078312278,0.192273229,0.112581789,0.087849006,-0.018036844,-0.209288687,0.122342035,-0.028603777,-0.422402710,0.090385050,-0.031133667,0.050856337,0.069362260,0.528904855,0.163466543,-0.394968688,1.211306095,-0.216358289,-0.854846179,-1.251643658,1.359899879,-0.358237982,-0.643167853
-0.068578802,-0.102795750,0.779965043,-0.010984582,0.018383386,-0.642232299,0.766210794,0.069240414,0.199485645,0.088918634,0.087170199,-0.086464420,-0.202666789,0.130792215,-0.020484921,-0.451968640,0.089836873,-0.083485119,0.059511263,0.069167063,0.505781293,0.173119038,-0.386726886,1.210710168,-0.236857742,-0.786768138,-1.283276081,1.332679152,-0.343665123,-0.683041811
-0.065455459,-0.103184104,0.775134742,-0.013338996,0.022680040,-0.629970849,0.776172996,0.053442609,0.208164126,0.058043178,0.087209620,-0.132873848,-0.198678553,0.133833542,-0.010774593,-0.485487223,0.089248702,-0.139363289,0.067535669,0.069532484,0.473700523,0.186126456,-0.375779152,1.206624269,-0.256721944,-0.661257982,-1.313480616,1.246068597,-0.325056583,-0.683357418
-0.062582240,-0.102848679,0.773409665,-0.015434919,0.028434467,-0.617912114,0.785581231,0.034479532,0.217864498,0.021092748,0.087945223,-0.141724363,-0.196510017,0.133047387,0.001143588,-0.513663411,0.088602617,-0.166377306,0.072130486,0.072644472,0.429969400,0.200406820,-0.360556871,1.203282833,-0.284820169,-0.488651693,-1.323473215,1.112768173,-0.284972340,-0.623608351
-0.059834071,-0.102151364,0.773237109,-0.017399220,0.034913138,-0.605872691,0.794604719,0.013933845,0.228075817,-0.018895106,0.089028932,-0.131795779,-0.195251316,0.130347535,0.014165674,-0.539168537,0.087927558,-0.178959504,0.075010538,0.077129714,0.380413204,0.215323627,-0.343197435,1.200313449,-0.317035317,-0.292497844,-1.323359609,0.956123531,-0.234150425,-0.533827603
-0.056298573,-0.100424826,0.775249600,-0.018422019,0.039719343,-0.600527644,0.798404574,0.000026337,0.230961844,-0.047101915,0.090163767,-0.111253530,-0.187846690,0.125869304,0.020495435,-0.543758571,0.086389452,-0.160911590,0.080306068,0.085530333,0.337704599,0.221369296,-0.291988671,1.173281312,-0.372427404,-0.076182932,-1.245378613,0.758784056,-0.128751308,-0.419917852
-0.052589912,-0.098457649,0.777196050,-0.019220736,0.044193491,-0.596920133,0.800851882,-0.012140420,0.232454255,-0.068697348,0.091100976,-0.093604140,-0.179669976,0.119905442,0.024057902,-0.543941617,0.085648164,-0.136665642,0.087779254,0.092824459,0.297578990,0.222203806,-0.229779795,1.137733936,-0.421668351,0.103906743,-1.152034879,0.584971607,-0.014166381,-0.311464041
-0.048534811,-0.096009135,0.779010236,-0.019573167,0.048007593,-0.596849740,0.800676286,-0.020825833,0.231159329,-0.077069990,0.091642931,-0.081740238,-0.169948846,0.110970043,0.022085628,-0.535310209,0.086500548,-0.100022450,0.099608146,0.097905710,0.262618572,0.212615639,-0.145568237,1.085154533,-0.458607763,0.211547330,-1.027961612,0.458210826,0.118793897,-0.213919818
-0.044238724,-0.093578920,0.780217290,-0.019677166,0.052119471,-0.597795486,0.799710512,-0.029381718,0.229527712,-0.080148399,0.092219003,-0.074383490,-0.161319733,0.101351261,0.019810140,-0.520584702,0.087925643,-0.055297900,0.113994852,0.099928081,0.228930771,0.196416378,-0.071333945,1.014546275,-0.479052663,0.241981268,-0.906924725,0.395471931,0.275727153,-0.125099689
-0.039822109,-0.091157816,0.781120718,-0.019656679,0.056379560,-0.599241138,0.798338950,-0.037873395,0.227727666,-0.080579981,0.092812955,-0.069280572,-0.153236434,0.091390587,0.017382961,-0.502812028,0.089637078,-0.006532453,0.129660547,0.100421116,0.195878774,0.176911652,-0.002087340,0.934923053,-0.491251290,0.233815372,-0.787404180,0.364740282,0.444648385,-0.040640239
-0.035234332,-0.087428346,0.779130697,-0.017889407,0.061592694,-0.602266073,0.795714736,-0.080949947,0.221254349,-0.079767637,0.158309847,-0.109201774,-0.144583076,0.072854176,0.008829031,-0.474165201,0.091853358,0.046478692,0.145472318,0.096199706,0.163247094,0.151153237,0.026717769,0.822966814,-0.501119435,0.160055801,-0.650136828,0.360039383,0.671103239,0.027291106
-0.030556601,-0.083601020,0.776106298,-0.015195984,0.066633880,-0.605927050,0.792579055,-0.130622685,0.212796420,-0.077514507,0.237422943,-0.155694008,-0.136336580,0.020598743,-0.016328441,-0.441578209,0.168523371,0.059244081,0.160393149,0.090656407,0.131845742,0.127901986,0.043668285,0.701134384,-0.519183457,0.100808620,-0.530791938,0.343912989,0.874011457,0.096326023
-0.025698965,-0.079577968,0.771013021,-0.010650929,0.071332082,-0.610872447,0.788437247,-0.193487301,0.200369447,-0.072379917,0.343767375,-0.215327814,-0.128903717,-0.099092156,-0.074691728,-0.401111215,0.394095153,-0.008478975,0.173532113,0.082469434,0.102904975,0.109664857,0.036910530,0.559550166,-0.553638458,0.070585102,-0.447290570,0.304936469,1.029828191,0.167567983
-0.020309307,-0.074908093,0.763522983,-0.004728825,0.074744597,-0.617351055,0.783114672,-0.257607073,0.184752092,-0.062355518,0.455816805,-0.273906350,-0.122856565,-0.221774608,-0.131867066,-0.355902225,0.619201601,-0.068463773,0.174207598,0.071819812,0.076345384,0.099694893,0.020420725,0.407099694,-0.610997915,0.067298092,-0.400093615,0.261556506,1.130473852,0.243243188
-0.014653566,-0.069914736,0.754834533,0.001882015,0.077507578,-0.624541998,0.777133465,-0.322355121,0.167539373,-0.049886003,0.570719957,-0.331957906,-0.117502175,-0.345954329,-0.188449174,-0.308321655,0.844078302,-0.124580227,0.168651015,0.059938688,0.050975956,0.093858480,-0.000935300,0.249214306,-0.679810166,0.077479370,-0.371048450,0.215974525,1.203534961,0.321135759
-0.008719255,-0.064640127,0.743079424,0.008753884,0.077205643,-0.633092642,0.770166516,-0.378557503,0.149957314,-0.029123774,0.679672062,-0.386554360,-0.111425683,-0.466574162,-0.244912297,-0.256665409,1.074387193,-0.182454810,0.133632660,0.044407584,0.019800462,0.098538168,-0.023452468,0.093703873,-0.743954837,0.100889489,-0.364184797,0.188728690,1.228586197,0.381600350
-0.003083655,-0.059916571,0.731223524,0.015000844,0.076002516,-0.641129613,0.763512611,-0.428372622,0.133989736,-0.007383923,0.780123115,-0.439679533,-0.104064777,-0.579858363,-0.301185131,-0.207060933,1.300717354,-0.242626727,0.090704300,0.027905161,-0.018855672,0.108917490,-0.043299325,-0.050368086,-0.792971671,0.126008093,-0.358275414,0.165370330,1.243608356,0.428200960
0.001954548,-0.056295093,0.719165802,0.019999001,0.073012821,-0.648266196,0.757641196,-0.465413630,0.121251017,0.016311092,0.863572538,-0.489862353,-0.094135098,-0.678471923,-0.357077271,-0.161559731,1.519090295,-0.307393074,0.031956501,0.009460156,-0.072472520,0.130695626,-0.057805751,-0.171563968,-0.811733961,0.154543489,-0.354274511,0.149786636,1.238572598,0.447074652
0.006149886,-0.054196671,0.709564567,0.023598913,0.069722481,-0.653867364,0.753020108,-0.487950444,0.112065211,0.037905786,0.924117804,-0.530465484,-0.082845859,-0.757549822,-0.403955996,-0.118885875,1.711354971,-0.365825355,-0.025828939,-0.009928051,-0.143238157,0.162057757,-0.063713722,-0.260890603,-0.797114372,0.182853997,-0.349978566,0.141220078,1.221403360,0.445093513
0.009923802,-0.052859765,0.701191604,0.026499284,0.066281311,-0.658694208,0.749017060,-0.503235281,0.104655825,0.058450337,0.973211050,-0.566278875,-0.070876867,-0.826860070,-0.446328044,-0.077625670,1.890565634,-0.421090603,-0.083133206,-0.029787853,-0.222578004,0.198211804,-0.065322548,-0.334282875,-0.765804231,0.211052045,-0.345535100,0.136162013,1.198167562,0.432685196
0.011875341,-0.053331196,0.698157430,0.027585501,0.062868722,-0.663233936,0.745256543,-0.500349283,0.101273790,0.074690953,0.989065170,-0.580965579,-0.063198075,-0.865796089,-0.471984625,-0.052552305,2.013381481,-0.453128427,-0.130804628,-0.048367947,-0.314373821,0.230780602,-0.058437802,-0.351966441,-0.693851054,0.233265802,-0.337786138,0.145962104,1.172885180,0.399188995
0.013477957,-0.054227747,0.696750164,0.028295003,0.059246629,-0.668343604,0.740949631,-0.491086245,0.098674938,0.091490880,0.994454741,-0.589783728,-0.057206944,-0.894975841,-0.491132349,-0.033923820,2.113500118,-0.477249831,-0.170480371,-0.064795323,-0.400318831,0.263922989,-0.054214597,-0.354760736,-0.620181799,0.253872514,-0.329277396,0.159410983,1.150534391,0.361493886
0.014382725,-0.055974558,0.698596954,0.028251637,0.055207163,-0.674607754,0.735566854,-0.469068587,0.097642422,0.109409645,0.978914678,-0.586864531,-0.054591186,-0.904642701,-0.497262150,-0.028185265,2.168224812,-0.485538244,-0.194164738,-0.076917328,-0.474563122,0.298212975,-0.055314604,-0.327775687,-0.543079317,0.271265268,-0.319248945,0.180157885,1.134046555,0.315400302
0.014804034,-0.058681138,0.703642666,0.028062433,0.050961412,-0.681489348,0.729511857,-0.435096562,0.096029803,0.129746735,0.939396262,-0.571685195,-0.053685211,-0.900864303,-0.489248693,-0.028475113,2.178572416,-0.479027212,-0.195714653,-0.085387230,-0.528812587,0.334726810,-0.071314424,-0.285812199,-0.452050090,0.287904680,-0.309833616,0.202155262,1.120899677,0.264173776
0.014983626,-0.061867602,0.710287869,0.027798507,0.046609402,-0.688635468,0.723073959,-0.395147234,0.094127126,0.151293069,0.887888789,-0.550375879,-0.053634085,-0.890363455,-0.474163800,-0.031779066,2.166732073,-0.465116709,-0.186197698,-0.092031181,-0.573065341,0.372352749,-0.094764017,-0.236359462,-0.354057044,0.304167539,-0.300724804,0.224778041,1.109423041,0.210380509
0.014077872,-0.066350631,0.721271992,0.027260819,0.041852191,-0.695808768,0.716488242,-0.333100975,0.086956389,0.174366474,0.790637732,-0.506623268,-0.055277720,-0.858590305,-0.444692731,-0.039948080,2.090544701,-0.438265085,-0.151517183,-0.096527480,-0.589237809,0.413389444,-0.141974986,-0.183330685,-0.240137607,0.320079714,-0.290378481,0.241722912,1.101425052,0.155316144
0.013082934,-0.071254604,0.732992709,0.026563324,0.037091833,-0.702630460,0.710090756,-0.263545245,0.076921590,0.196415752,0.676499486,-0.452059627,-0.057220694,-0.819937944,-0.414829910,-0.049780436,1.995743513,-0.411452711,-0.113143168,-0.101377085,-0.599303961,0.451358229,-0.192793876,-0.130184487,-0.132803082,0.335575372,-0.279679596,0.254679143,1.094734788,0.104941718
0.011909623,-0.077000469,0.746186733,0.025549861,0.032331146,-0.708839953,0.704164565,-0.178970143,0.061158564,0.216416821,0.528586268,-0.375873297,-0.059762359,-0.767526925,-0.384183645,-0.062939532,1.863714218,-0.384718806,-0.067382015,-0.106933311,-0.597157359,0.483191043,-0.250828743,-0.076803453,-0.038638696,0.350237966,-0.268275678,0.259657860,1.090660095,0.063947335
0.010425998,-0.083086655,0.759174407,0.024177756,0.028177250,-0.714399874,0.698751926,-0.070106342,0.037708629,0.232916757,0.324387997,-0.260327131,-0.063454106,-0.704376400,-0.353402764,-0.078874737,1.697906971,-0.355165303,-0.019813169,-0.113397449,-0.593147278,0.511731625,-0.310510635,-0.017938647,0.039149880,0.362454683,-0.255939364,0.258347213,1.088932753,0.037339158
0.008787212,-0.089343011,0.772058904,0.022625737,0.024326198,-0.719615638,0.693577588,0.050902274,0.010415098,0.247666061,0.092046067,-0.125100315,-0.067720927,-0.635855794,-0.322554529,-0.096198045,1.515210509,-0.324201912,0.028659558,-0.120315537,-0.588205457,0.538626075,-0.371016085,0.043668155,0.108750246,0.373448431,-0.243136898,0.253891796,1.088378906,0.017924353
0.005641452,-0.094307601,0.782624602,0.021221453,0.022399761,-0.722694755,0.690478325,0.065682486,0.012523245,0.245338708,0.089938112,-0.086411253,-0.076173730,-0.560556233,-0.288723171,-0.112493277,1.297258615,-0.277064860,0.079306096,-0.128101140,-0.593754470,0.558432698,-0.435526639,0.119853012,0.157266110,0.380827487,-0.229931116,0.239488155,1.089123011,0.016679894
0.002054618,-0.098993935,0.792018414,0.020014845,0.020646591,-0.725147903,0.687992692,0.078976333,0.015668079,0.239830568,0.088356107,-0.045197897,-0.084953532,-0.482151598,-0.254210681,-0.125943780,1.071700692,-0.220470607,0.126839876,-0.135900110,-0.599026322,0.576724231,-0.498553425,0.195799977,0.196573660,0.387160778,-0.215565622,0.221109331,1.089825153,0.018687634
-0.002414420,-0.103123888,0.799068987,0.019204360,0.019240728,-0.726376057,0.686759889,0.089300461,0.020885639,0.227961108,0.087820098,0.001067551,-0.094387449,-0.397534937,-0.218335181,-0.133705154,0.830925643,-0.144960791,0.168149248,-0.143726006,-0.603743672,0.591986299,-0.558614135,0.271272749,0.217466027,0.391402751,-0.198880315,0.194779932,1.090443254,0.027199399
-0.007146161,-0.106470034,0.802914381,0.018290075,0.017297547,-0.726986408,0.686190367,0.098304205,0.027303178,0.214369386,0.087558016,0.035397079,-0.103533551,-0.306619167,-0.184668407,-0.136138424,0.594459951,-0.055774361,0.191227615,-0.150557458,-0.603610396,0.603337049,-0.609326482,0.339648515,0.217532143,0.394256264,-0.182141423,0.164745435,1.089322567,0.042214170
-0.012009166,-0.109424196,0.805157065,0.017323850,0.015085693,-0.727285683,0.685950339,0.106647573,0.034320593,0.199916765,0.087432899,0.063757882,-0.112535574,-0.212555483,-0.152106643,-0.135907546,0.360153556,0.040248808,0.205189899,-0.156891525,-0.601051688,0.612731934,-0.655363441,0.404474407,0.207184955,0.396415442,-0.165376097,0.132858917,1.087332726,0.060480222
-0.017488632,-0.112326197,0.802694559,0.015417829,0.011697147,-0.728045583,0.685255408,0.121609882,0.038004577,0.190887719,0.087538585,0.058802657,-0.117578506,-0.128585607,-0.124691918,-0.141625240,0.198613390,0.104705468,0.176457644,-0.160452798,-0.584533215,0.615953147,-0.681924343,0.460469991,0.176087603,0.396195114,-0.153535217,0.106522352,1.079941511,0.086415671
-0.023193046,-0.115054615,0.799107850,0.013071746,0.008165990,-0.729568303,0.683734417,0.137506664,0.042395972,0.183858603,0.087750196,0.046523333,-0.122711271,-0.063631438,-0.099543482,-0.147809893,0.090536132,0.124711901,0.138402149,-0.162374303,-0.560228944,0.617493749,-0.699265480,0.513728201,0.142998561,0.393342137,-0.143920362,0.086102203,1.073326468,0.112960249
-0.029347481,-0.117435977,0.793272495,0.009845570,0.004349641,-0.732614040,0.680559337,0.155272722,0.048202232,0.180829018,0.088173650,0.019596251,-0.128023818,-0.036705077,-0.078926764,-0.154928580,0.089376524,0.055822901,0.081700183,-0.161016449,-0.520353317,0.615673244,-0.698168755,0.561513364,0.105925493,0.385224044,-0.138757065,0.077513747,1.068263412,0.140723720
-0.035136655,-0.119130015,0.786617041,0.007213720,0.001845170,-0.736882091,0.675980330,0.169888765,0.055277996,0.187473819,0.089375429,-0.007904686,-0.128972143,-0.013776759,-0.057511382,-0.150088206,0.088965476,-0.004186258,0.038411789,-0.157300636,-0.472136915,0.611557364,-0.683701634,0.609489202,0.077784032,0.367321283,-0.136297986,0.077638529,1.067076683,0.155578479
-0.040743206,-0.120480411,0.779551387,0.004878834,-0.000003381,-0.741734862,0.670675457,0.182929859,0.062988505,0.198955730,0.090966366,-0.035692547,-0.127738386,0.007152571,-0.035696674,-0.139268413,0.088928714,-0.059755579,0.001830045,-0.152405843,-0.419750243,0.606293857,-0.662549555,0.657560229,0.054108296,0.344526261,-0.135190979,0.082119845,1.067828298,0.163978994
-0.045319378,-0.119607747,0.772637367,0.003985913,0.000243896,-0.747469842,0.664283931,0.100288197,0.089216739,0.203692406,0.287571013,-0.127484173,-0.107689701,-0.036396116,-0.031105261,-0.118569702,0.179619268,-0.108613566,-0.009279269,-0.142870247,-0.362577289,0.587248087,-0.622845352,0.708860755,0.051676966,0.312117696,-0.140103489,0.097225755,1.066941500,0.167581737
-0.049660049,-0.118297666,0.765501142,0.003214470,0.000827746,-0.752565265,0.658509493,0.012441887,0.117366962,0.207777649,0.490865916,-0.203643933,-0.076161250,-0.086688191,-0.026007121,-0.099905401,0.283310175,-0.161558896,-0.017261256,-0.132890284,-0.303728342,0.567759335,-0.578268170,0.751635134,0.046916302,0.281247944,-0.146862224,0.115506008,1.059643745,0.167860284
-0.053529717,-0.116112739,0.757920623,0.002686421,0.002084755,-0.756456017,0.654035807,-0.085813932,0.149361223,0.210560024,0.707541585,-0.248539433,-0.021672813,-0.150467306,-0.019895505,-0.085309967,0.413002253,-0.222679034,-0.018988460,-0.122021548,-0.241527408,0.547384620,-0.523944855,0.777357161,0.037496869,0.253455758,-0.157313526,0.140135050,1.039523602,0.161490291
-0.057369620,-0.113923490,0.749415755,0.001368038,0.003590368,-0.758291304,0.651904583,-0.178101540,0.180237770,0.203052580,0.901588798,-0.265214026,0.032618314,-0.200972378,-0.011088124,-0.078832142,0.518268406,-0.276972592,-0.017197270,-0.112503439,-0.181391925,0.527502060,-0.475325584,0.786750972,0.020704178,0.231435210,-0.174817115,0.170831263,1.005188227,0.150705948
-0.061194573,-0.111732110,0.740448892,-0.000345468,0.005220254,-0.759103596,0.650948763,-0.267403215,0.210554898,0.190400302,1.084317923,-0.267777592,0.086809747,-0.244839355,-0.000933006,-0.076413326,0.611319423,-0.327851713,-0.013646882,-0.103660829,-0.122290306,0.507865965,-0.429559320,0.787980378,0.000225110,0.212300926,-0.195846602,0.204560518,0.963745773,0.137714580
-0.064762719,-0.110371381,0.731856108,-0.002538464,0.006888947,-0.758818984,0.651260257,-0.342790604,0.226956308,0.154449821,1.227508307,-0.264329314,0.092121869,-0.274924725,0.008735158,-0.081677884,0.680051088,-0.373549640,-0.010281220,-0.093326755,-0.067123912,0.490804315,-0.397168726,0.785021365,-0.017671058,0.195716381,-0.224270046,0.230288327,0.917617023,0.122688457
-0.067740127,-0.109473281,0.725048661,-0.004554607,0.008198174,-0.758752644,0.651311398,-0.405866206,0.237843648,0.120632738,1.348286390,-0.263808131,0.090191789,-0.297332406,0.017210945,-0.085647717,0.732824206,-0.409538418,-0.007188130,-0.082352847,-0.014401323,0.472550392,-0.364070743,0.789230168,-0.029210713,0.178405523,-0.252443552,0.252081543,0.877197802,0.107210837
-0.069536015,-0.109500453,0.721811891,-0.006217054,0.008788528,-0.759131253,0.650848627,-0.444317669,0.237702608,0.091082521,1.424239635,-0.269141257,0.073777050,-0.304384500,0.023301939,-0.087028071,0.753679872,-0.426108599,-0.004640196,-0.070099249,0.033433564,0.451911837,-0.329557955,0.807774782,-0.028037095,0.159641966,-0.280117095,0.266005367,0.848197758,0.090830222
-0.070514649,-0.110378161,0.722224832,-0.008059566,0.008602437,-0.758490801,0.651577115,-0.459805936,0.235704854,0.075797573,1.458506584,-0.281765670,0.064417824,-0.295405269,0.027011167,-0.089516819,0.745206058,-0.427741140,-0.002534609,-0.059158497,0.072985686,0.425157040,-0.287018269,0.844119132,-0.022596601,0.145117357,-0.302953064,0.269405335,0.829842925,0.084137976
-0.071084648,-0.111681163,0.724462748,-0.009992098,0.008028060,-0.757337272,0.652898133,-0.463812202,0.232778654,0.067645438,1.471930027,-0.298036098,0.058586407,-0.278409868,0.029529501,-0.092559822,0.722066700,-0.421904445,-0.000650180,-0.048874050,0.108396716,0.395343661,-0.240464434,0.889364243,-0.015022491,0.132712126,-0.323370397,0.267543167,0.816810668,0.082290068
-0.071141727,-0.113559715,0.730608702,-0.011663632,0.006940135,-0.754465580,0.656199276,-0.440316796,0.225474060,0.073966831,1.417476416,-0.307066590,0.050514780,-0.243338332,0.030695263,-0.097177163,0.661905944,-0.397166729,-0.000426366,-0.041815408,0.131162420,0.363042176,-0.185905218,0.944245815,-0.010121902,0.128872871,-0.337289512,0.254234731,0.810594082,0.096762106
-0.070954613,-0.115694121,0.737441659,-0.013178793,0.005618695,-0.751352310,0.659745753,-0.407596767,0.215671927,0.082469635,1.339213252,-0.310885280,0.036817010,-0.202642590,0.031579584,-0.101339072,0.590129852,-0.365730941,0.000094372,-0.035264976,0.153873771,0.333297431,-0.130082965,0.993704677,-0.006601640,0.127231807,-0.350012660,0.240369171,0.804273844,0.112127766
-0.070279077,-0.118340157,0.745648205,-0.014381249,0.003830419,-0.747768342,0.663792908,-0.356428146,0.200874820,0.095335089,1.213331461,-0.304279566,0.011866956,-0.150699735,0.031900942,-0.104589865,0.495125085,-0.320899844,0.001208968,-0.029731387,0.176475257,0.308667809,-0.071737260,1.032314897,-0.005842387,0.129987493,-0.360343099,0.225389957,0.797746539,0.129280016
-0.069373712,-0.121544585,0.753480077,-0.015429658,0.001357682,-0.744460940,0.667486608,-0.291193902,0.186486751,0.113425389,1.056854248,-0.288249552,-0.016713642,-0.086693674,0.032366872,-0.105671138,0.376470029,-0.261802465,0.002854117,-0.024118189,0.200559348,0.288081944,-0.019184247,1.054678798,-0.006116030,0.138212696,-0.373780578,0.213357329,0.786589026,0.143964380
-0.068353452,-0.125028133,0.761124432,-0.016400773,-0.001457182,-0.741280556,0.670993388,-0.218929023,0.172303557,0.134127483,0.885084271,-0.267508060,-0.047108661,-0.016658030,0.032905072,-0.105667673,0.245993584,-0.195573911,0.004764485,-0.018465331,0.225384101,0.269518316,0.030471267,1.068919539,-0.006906082,0.149172291,-0.388771117,0.202798173,0.773116946,0.157414541
-0.066811606,-0.128240019,0.766420364,-0.017068570,-0.004865848,-0.738899231,0.673582196,-0.129664943,0.159100324,0.159921721,0.680381775,-0.220603332,-0.077137575,0.036630545,0.029869266,-0.105237454,0.152571961,-0.147635922,0.007965188,-0.012799887,0.249154642,0.260790348,0.065261453,1.065530539,-0.009450829,0.161928639,-0.405216157,0.197112411,0.757503390,0.162711561
-0.065103695,-0.131256789,0.770799041,-0.017545056,-0.007865272,-0.736573339,0.676084399,-0.030743020,0.143642291,0.185056850,0.453716993,-0.154126480,-0.106005102,0.074862219,0.025576726,-0.105224065,0.090010107,-0.116738327,0.011552121,-0.007915966,0.269759089,0.254259706,0.097163565,1.059320331,-0.012785560,0.172901079,-0.420221448,0.192410156,0.743962884,0.166680396
-0.063063540,-0.133883625,0.773343205,-0.017639469,-0.010046544,-0.734380782,0.678434193,0.087502144,0.123673476,0.208875641,0.183110505,-0.048500232,-0.132552072,0.082983010,0.018770386,-0.106044337,0.089162990,-0.119919136,0.015911788,-0.004594720,0.284032971,0.252123177,0.123291962,1.047466636,-0.017700514,0.180306524,-0.432348222,0.189674526,0.734567165,0.167993158
-0.060669672,-0.135339916,0.774746954,-0.017102800,-0.010741231,-0.731644750,0.681386828,0.123759389,0.118834287,0.221464843,0.090926155,-0.033034943,-0.152865291,0.086360611,0.013223829,-0.110105380,0.088716358,-0.122500740,0.019944368,-0.004193046,0.291638345,0.252412349,0.141743451,1.031161070,-0.017927293,0.182155550,-0.444962025,0.191933393,0.732047617,0.164832234
-0.058098868,-0.136211008,0.775580585,-0.016250372,-0.010692519,-0.728628397,0.684633017,0.119024068,0.121559724,0.228439748,0.087949395,-0.062649533,-0.170062423,0.087366752,0.008306950,-0.115786955,0.088469937,-0.124782853,0.023813562,-0.005251144,0.295909733,0.253914386,0.156357184,1.012629032,-0.015809990,0.181226417,-0.457819760,0.196689606,0.732965946,0.159434319
-0.056162693,-0.136080310,0.775370717,-0.013920123,-0.009074403,-0.724223971,0.689364612,0.107543252,0.118809745,0.222476438,0.087909505,-0.095758565,-0.174622938,0.082939163,0.004886223,-0.127290010,0.088597104,-0.130210191,0.024204336,-0.007473513,0.289688736,0.263577998,0.143164381,0.990492344,-0.004476991,0.178553239,-0.468813986,0.204032585,0.749075592,0.147509962
-0.054280598,-0.135521546,0.775526285,-0.011562938,-0.006789336,-0.718711495,0.695179105,0.093693256,0.117172778,0.209791079,0.087827981,-0.115516312,-0.177266583,0.077427946,0.002736934,-0.141979799,0.088666350,-0.134048745,0.023652988,-0.009223232,0.276664615,0.276796401,0.120360136,0.974213004,0.010078309,0.177495852,-0.477004737,0.207609132,0.771469414,0.140241235
-0.052506521,-0.134106591,0.776412725,-0.009151830,-0.003170390,-0.710974514,0.703151047,0.075103834,0.117761694,0.183660567,0.087663218,-0.108572982,-0.176076710,0.069749035,0.003130355,-0.163044229,0.088619784,-0.134710029,0.021217354,-0.010027786,0.250033349,0.297125518,0.078331277,0.969646931,0.031079317,0.179669976,-0.479589105,0.203653127,0.806433201,0.142283276
-0.050442316,-0.132998705,0.777210474,-0.007823027,-0.000287045,-0.702289045,0.711848855,0.059282489,0.118155740,0.154465437,0.087586388,-0.100256056,-0.172575504,0.065911122,0.003660302,-0.184731439,0.088523671,-0.134908095,0.020840254,-0.011326687,0.220448703,0.314724356,0.040763203,0.970901191,0.045721922,0.184152842,-0.473863453,0.192257822,0.848720908,0.160470873
-0.048232973,-0.132044300,0.777964056,-0.007034668,0.002228424,-0.693061709,0.720840573,0.044844579,0.118452370,0.123736843,0.087553523,-0.091252014,-0.167918533,0.063993566,0.004258533,-0.206730872,0.088402785,-0.134874567,0.021492405,-0.012872814,0.189386234,0.330958754,0.005424097,0.975065827,0.057185885,0.189790264,-0.463982612,0.177142426,0.894672275,0.186731920
-0.045981385,-0.131077528,0.778424859,-0.006583202,0.003431781,-0.687185526,0.726444125,0.036145698,0.116389208,0.107260466,0.087590545,-0.085857958,-0.164476380,0.062983617,0.002643021,-0.219408363,0.088323921,-0.134566799,0.023918288,-0.011811602,0.166352510,0.340844691,-0.015635021,0.972422004,0.067617528,0.190920800,-0.453146696,0.171188504,0.931405663,0.211483270
-0.043752916,-0.130190447,0.778866529,-0.006097525,0.004460617,-0.682406962,0.730933547,0.028797884,0.113898687,0.094872959,0.087608390,-0.081611872,-0.161459863,0.061760090,0.000516869,-0.229405820,0.088237323,-0.133763745,0.026873481,-0.010480575,0.147028014,0.349210590,-0.032931048,0.965619266,0.077138402,0.191847906,-0.443926454,0.168430597,0.960598767,0.233784974
-0.041570857,-0.129462793,0.779269874,-0.005544157,0.005140652,-0.679895997,0.733269691,0.024152851,0.110553630,0.090664431,0.087587878,-0.079662144,-0.159294873,0.060109463,-0.002630439,-0.234042317,0.088135272,-0.131970137,0.030887116,-0.008609999,0.135123685,0.354535639,-0.042699303,0.950499058,0.084836960,0.192368120,-0.437938392,0.172065169,0.974708319,0.251185477
-0.039372455,-0.128824890,0.779447436,-0.005031644,0.005532028,-0.678726614,0.734352827,0.021197064,0.106803060,0.090401292,0.087614536,-0.080339581,-0.157059580,0.058484867,-0.006269267,-0.235883161,0.088090688,-0.130942926,0.035424497,-0.006773497,0.127148613,0.359533727,-0.052745871,0.933295429,0.089152835,0.193490863,-0.432538509,0.177181587,0.978233695,0.265301287
-0.037165906,-0.128231853,0.779512227,-0.004539591,0.005779073,-0.678230762,0.734812319,0.019086024,0.102849744,0.092111051,0.087664798,-0.082330719,-0.154789180,0.056873314,-0.010153836,-0.236325994,0.088074863,-0.130298957,0.040223721,-0.004954057,0.121138461,0.364368230,-0.062931485,0.915050149,0.091777138,0.194914863,-0.427432835,0.183038965,0.976466358,0.277774334
-0.034978591,-0.127742305,0.779338837,-0.004158326,0.005624439,-0.679016232,0.734089971,0.018866707,0.098490447,0.096548565,0.087723777,-0.085740268,-0.151346803,0.055609442,-0.014540118,-0.234392792,0.088076308,-0.130523115,0.044104926,-0.004019550,0.116795138,0.368212193,-0.071239948,0.901481390,0.090811998,0.196007654,-0.423797786,0.188725919,0.968466878,0.285162628
-0.032888442,-0.127107218,0.779164910,-0.003833607,0.005439940,-0.679935992,0.733241320,0.018627398,0.094305016,0.100711994,0.087794945,-0.088592656,-0.147910222,0.054183546,-0.018792881,-0.232492849,0.088109396,-0.130265534,0.047550626,-0.003668782,0.111502275,0.373532236,-0.079899743,0.891123176,0.086867385,0.194929853,-0.418317825,0.194866151,0.962299526,0.290480167
-0.030992793,-0.126181096,0.778989911,-0.003622007,0.005195727,-0.681124270,0.732140362,0.018348115,0.090467677,0.104326896,0.087890491,-0.090330482,-0.144485429,0.052433725,-0.022778267,-0.230659530,0.088205785,-0.129044443,0.050125018,-0.004485567,0.104310676,0.381804079,-0.089261569,0.887187004,0.076963909,0.189510807,-0.409148455,0.201912478,0.959796965,0.291655660
-0.029244680,-0.125301629,0.778878450,-0.003684189,0.004825800,-0.682341814,0.731007993,0.018739380,0.087112516,0.107302606,0.087961867,-0.090927981,-0.141539842,0.051364787,-0.026295450,-0.229095727,0.088261142,-0.127313465,0.052222267,-0.006277528,0.099239551,0.388601601,-0.095510833,0.886326849,0.069567256,0.185296714,-0.399769068,0.207340151,0.955336213,0.293101698
-0.027570402,-0.124445543,0.778798878,-0.003883264,0.004393019,-0.683572769,0.729858696,0.019465931,0.083998606,0.109958597,0.088021167,-0.090955250,-0.138833970,0.050636359,-0.029578378,-0.227666751,0.088295981,-0.125327632,0.054080851,-0.008557047,0.095228933,0.394661635,-0.100203462,0.887004852,0.063424401,0.181685343,-0.390285015,0.211958244,0.949896514,0.294683009
-0.026053645,-0.123915501,0.778823256,-0.004342008,0.003685466,-0.685134888,0.728393972,0.021742251,0.081124619,0.113553979,0.088046938,-0.091010846,-0.136407524,0.051033147,-0.032587759,-0.225793511,0.088277265,-0.123332620,0.056315131,-0.011273148,0.093851686,0.398388028,-0.103575781,0.890727580,0.060332023,0.179132953,-0.383526027,0.213616580,0.942730427,0.301371098
-0.024558835,-0.123404801,0.778858840,-0.004821160,0.002881679,-0.686825991,0.726800203,0.024320353,0.078148723,0.117541239,0.088064328,-0.091314845,-0.134288877,0.051565874,-0.035694756,-0.223817706,0.088251643,-0.121400163,0.058821127,-0.013909695,0.093473628,0.401651055,-0.106867172,0.894835770,0.058389876,0.176864743,-0.377660275,0.214656502,0.934670448,0.308968931
-0.023107957,-0.122932807,0.778917074,-0.005341114,0.001885474,-0.688777447,0.724950731,0.027501881,0.074969053,0.122312121,0.088064954,-0.092115648,-0.132785827,0.052370410,-0.038996927,-0.221636787,0.088212207,-0.119592860,0.061870478,-0.016387045,0.095093861,0.403987288,-0.109996721,0.899714470,0.058748119,0.175164923,-0.373580992,0.214459643,0.924822986,0.318385839
-0.021741014,-0.122526258,0.778964698,-0.005821363,0.000834811,-0.690679133,0.723137498,0.030730497,0.071762316,0.127073720,0.088089898,-0.092836544,-0.131249294,0.053257108,-0.042280931,-0.219069511,0.088173926,-0.117968291,0.065274991,-0.018754583,0.097874366,0.406616092,-0.114095896,0.903241992,0.060110770,0.172704250,-0.369405895,0.214064762,0.915702999,0.325705230
-0.020416107,-0.122152433,0.779006958,-0.006281705,-0.000243027,-0.692553043,0.721339643,0.033982493,0.068542197,0.131830439,0.088126987,-0.093517445,-0.129696071,0.054184835,-0.045555688,-0.216309175,0.088136211,-0.116435178,0.068856932,-0.021067059,0.101234928,0.409391016,-0.118679672,0.906093657,0.061975665,0.169863269,-0.365183145,0.213570878,0.906947315,0.331975341
-0.018944178,-0.121792130,0.779137611,-0.006653312,-0.001302730,-0.694496572,0.719464064,0.037126169,0.064922526,0.136544690,0.088063851,-0.094157770,-0.127410829,0.054827608,-0.049200725,-0.213071302,0.088083588,-0.115294136,0.072975770,-0.022112194,0.105725795,0.410543025,-0.121855199,0.906120539,0.066880181,0.167090029,-0.363725126,0.213338315,0.899542809,0.333025575
-0.017502259,-0.121495977,0.779203057,-0.006981279,-0.002327072,-0.696344972,0.717669487,0.040161170,0.061356306,0.141127512,0.088037148,-0.094880320,-0.125079840,0.055487446,-0.052803770,-0.210058779,0.088045731,-0.114360526,0.077100076,-0.022968594,0.110510305,0.412047148,-0.125869066,0.905074298,0.070279077,0.163628042,-0.361962199,0.212927520,0.893795490,0.331478059
-0.016120458,-0.121328123,0.779138386,-0.007222014,-0.003280624,-0.698009729,0.716044247,0.042978607,0.057897255,0.145447135,0.088083275,-0.095767252,-0.122657597,0.056181371,-0.056322575,-0.207497120,0.088037424,-0.113841817,0.081234992,-0.023447493,0.115881659,0.414255202,-0.131559163,0.901882172,0.070666716,0.158789024,-0.359589607,0.212160408,0.891362548,0.324735522
-0.014987791,-0.121230915,0.778938890,-0.007409953,-0.004097587,-0.699449241,0.714632154,0.045458939,0.054999411,0.149823993,0.088140458,-0.096721008,-0.120619342,0.056785777,-0.059277534,-0.205329597,0.088041663,-0.113517985,0.085106000,-0.023594938,0.120793954,0.415483296,-0.135870382,0.898509681,0.073621169,0.154819310,-0.358335048,0.211302340,0.889377952,0.316269904
-0.013979731,-0.121169031,0.778671861,-0.007571477,-0.004846220,-0.700775027,0.713325739,0.047770623,0.052382272,0.154229283,0.088203155,-0.097708136,-0.118773162,0.057345405,-0.061950471,-0.203359246,0.088052191,-0.113291614,0.088844903,-0.023576658,0.125476524,0.416221440,-0.139492035,0.895047128,0.077858873,0.151284367,-0.357639521,0.210398793,0.887617469,0.306943059
-0.013125850,-0.120813563,0.778250873,-0.007748336,-0.005453440,-0.701659679,0.712449193,0.049145248,0.050279967,0.157496661,0.088309795,-0.098047599,-0.117370754,0.057560232,-0.064141370,-0.203327090,0.088108435,-0.113485977,0.092181653,-0.023656724,0.130350381,0.416984677,-0.144598246,0.890265226,0.082205541,0.147497401,-0.357163906,0.209072441,0.888254285,0.294526696
-0.012291306,-0.120509773,0.777800858,-0.007945741,-0.005983871,-0.702395797,0.711717010,0.050399046,0.048384223,0.160410434,0.088436082,-0.098372802,-0.116200201,0.057851933,-0.066125229,-0.203723013,0.088189974,-0.113682613,0.095455743,-0.023656355,0.134766191,0.417674214,-0.149537787,0.885233402,0.086753733,0.144211620,-0.356743842,0.207776383,0.889019132,0.281858921
-0.011495451,-0.120309338,0.777292550,-0.008184250,-0.006360741,-0.702836990,0.711275578,0.051411193,0.046901606,0.162616983,0.088601619,-0.098669454,-0.115493312,0.058297366,-0.067695014,-0.204975069,0.088322118,-0.113883778,0.098604418,-0.023495134,0.138265952,0.418216407,-0.154143915,0.879701853,0.091704793,0.141928166,-0.356434882,0.206540942,0.890040159,0.268688768
-0.010897886,-0.119981766,0.776936293,-0.008263752,-0.006486363,-0.702983856,0.711128235,0.051878612,0.045936801,0.164336547,0.088705152,-0.098344058,-0.115515888,0.058541603,-0.068725646,-0.207455993,0.088394850,-0.113788381,0.101039872,-0.023159493,0.140086293,0.418467164,-0.156833217,0.874848008,0.094577439,0.140538976,-0.356269360,0.205558702,0.890646219,0.256154895
-0.010399486,-0.119590640,0.776655972,-0.008633836,-0.006766756,-0.703180730,0.710926533,0.052073665,0.045230921,0.165812567,0.088777691,-0.097707666,-0.115903169,0.058685243,-0.069486663,-0.210551247,0.088437863,-0.113544710,0.103118643,-0.022736657,0.141066909,0.418572217,-0.158564046,0.870333076,0.096410803,0.139596924,-0.356175482,0.204703093,0.891044974,0.243939608
-0.009988161,-0.119715318,0.776737690,-0.008633836,-0.006766756,-0.703180730,0.710926533,0.053045660,0.044767007,0.166852504,0.088743269,-0.096843839,-0.117078207,0.059901360,-0.069873139,-0.214522943,0.088395536,-0.113771424,0.105150938,-0.021884125,0.141561791,0.417663693,-0.155418068,0.864969134,0.093620472,0.140000179,-0.356130838,0.202600896,0.891826749,0.233276799
-0.009772530,-0.119763806,0.776884139,-0.009127658,-0.007024033,-0.703031957,0.711065054,0.053836528,0.044582963,0.167788401,0.088688232,-0.095863178,-0.118710667,0.060967989,-0.069962092,-0.218792200,0.088354394,-0.113983907,0.107015185,-0.021019068,0.143829480,0.414521009,-0.147364289,0.858380854,0.092642501,0.141723230,-0.356064051,0.199025586,0.891444802,0.221773714
-0.009948270,-0.119659878,0.777160287,-0.009127658,-0.007024033,-0.703031957,0.711065054,0.054265186,0.044958651,0.168516293,0.088591978,-0.094648816,-0.121258110,0.061735719,-0.069456041,-0.223656997,0.088315599,-0.114167973,0.108543493,-0.020128898,0.149642944,0.406909704,-0.129494324,0.849343538,0.095289178,0.146085978,-0.355952948,0.192503721,0.888735414,0.208589166
-0.010005390,-0.119681343,0.777415156,-0.009520655,-0.007242044,-0.702761114,0.711325347,0.054646619,0.045122959,0.168841735,0.088503495,-0.093908951,-0.123799883,0.062942579,-0.069400638,-0.228877366,0.088264994,-0.114871256,0.110844597,-0.019351203,0.150424957,0.401390553,-0.114083230,0.846078694,0.091013558,0.148400575,-0.355628163,0.186802387,0.887992978,0.197767898
-0.010003201,-0.119765498,0.777659416,-0.009766695,-0.007360347,-0.702309608,0.711766601,0.055004425,0.045181576,0.168965966,0.088418901,-0.093406349,-0.126338765,0.064368963,-0.069570549,-0.234275371,0.088208482,-0.115834117,0.113532044,-0.018629763,0.148691371,0.396917462,-0.099901877,0.845699906,0.083277106,0.149691120,-0.355196506,0.181511402,0.888233840,0.188128456
-0.010308547,-0.119960479,0.777867317,-0.009766695,-0.007360347,-0.702309608,0.711766601,0.055328000,0.045713909,0.169173285,0.088318333,-0.093306042,-0.129150435,0.064855464,-0.068727776,-0.239535242,0.088161156,-0.116712511,0.115425810,-0.017965619,0.150478959,0.385281831,-0.078600131,0.846097469,0.085531101,0.152825415,-0.353521705,0.172409073,0.886626244,0.177947372
-0.010647949,-0.120151177,0.778025627,-0.009898826,-0.007378789,-0.701800823,0.712266266,0.055546645,0.046281327,0.169495314,0.088237494,-0.093265429,-0.131865412,0.065239966,-0.067849755,-0.244939238,0.088117130,-0.117649898,0.117408246,-0.017467713,0.150380671,0.375909835,-0.060491052,0.848818183,0.086203009,0.154811606,-0.352047265,0.164163247,0.886100829,0.168387890
-0.011055488,-0.120333299,0.778084934,-0.009898826,-0.007378789,-0.701800823,0.712266266,0.055555459,0.046918955,0.170046836,0.088196084,-0.093344219,-0.134387255,0.065420501,-0.066901185,-0.250631899,0.088079698,-0.118705347,0.119568184,-0.017302249,0.146510571,0.371064365,-0.048765946,0.856185436,0.083710827,0.154501721,-0.350973278,0.157629803,0.887739599,0.160070911
-0.011458883,-0.120437019,0.778106213,-0.009855209,-0.007340864,-0.700875282,0.713178039,0.055504136,0.047565602,0.170772910,0.088159241,-0.093272485,-0.136555210,0.065688945,-0.065926880,-0.256395698,0.088034675,-0.119886354,0.122144371,-0.017463990,0.145678908,0.362990528,-0.035755567,0.861328125,0.087462172,0.155799344,-0.348624110,0.149579287,0.888147235,0.148790151
-0.011860219,-0.120501533,0.778108656,-0.009849808,-0.007329426,-0.700479746,0.713566661,0.055422746,0.048216786,0.171586290,0.088124692,-0.093125485,-0.138546318,0.066001348,-0.064939670,-0.262195379,0.087985858,-0.121130191,0.124928802,-0.017789338,0.146366417,0.353302211,-0.022102060,0.865358829,0.094335437,0.157900780,-0.345637172,0.140769944,0.887939394,0.136027053
-0.012459917,-0.120539702,0.778034210,-0.009849808,-0.007329426,-0.700479746,0.713566661,0.055492818,0.049296580,0.172665492,0.088115066,-0.092305891,-0.141072303,0.066544637,-0.063822009,-0.267819941,0.088022299,-0.121518984,0.128264114,-0.018460352,0.146441177,0.348512262,-0.015197705,0.869642496,0.095993109,0.158377931,-0.343538344,0.135026723,0.888676524,0.124047585
-0.013032952,-0.120624259,0.777975678,-0.009957379,-0.007318219,-0.699912071,0.714122117,0.055783115,0.050326444,0.173857883,0.088097788,-0.091631562,-0.143736452,0.067539200,-0.062775940,-0.273423016,0.088026322,-0.122192785,0.131794572,-0.019125067,0.147103101,0.343613386,-0.008698774,0.872957468,0.097113125,0.159195840,-0.341288030,0.129488707,0.889079571,0.111819446
-0.013552635,-0.120801628,0.777949274,-0.009957379,-0.007318219,-0.699912071,0.714122117,0.056513879,0.051256400,0.175276607,0.088065177,-0.091247812,-0.146676898,0.069436319,-0.061873086,-0.278982878,0.087965511,-0.123436578,0.135715187,-0.019777147,0.148939356,0.338496745,-0.003011075,0.874334753,0.097157694,0.160695300,-0.338734776,0.124361381,0.888814509,0.099094547
-0.014199807,-0.121032283,0.777909100,-0.010273068,-0.007497470,-0.699626088,0.714396000,0.057697147,0.052359201,0.176619560,0.088006675,-0.091179878,-0.150237381,0.071178645,-0.060649209,-0.285056829,0.087916508,-0.124536075,0.139418006,-0.020563347,0.151220620,0.333547115,0.001943578,0.874833584,0.095087782,0.161954388,-0.335960805,0.118511617,0.889047742,0.085864767
-0.014910706,-0.121289574,0.777862072,-0.010833633,-0.007930256,-0.699584544,0.714423656,0.059106629,0.053548388,0.177924559,0.087935224,-0.091269836,-0.154107794,0.072843544,-0.059264857,-0.291387618,0.087873414,-0.125563398,0.143011838,-0.021416584,0.153724283,0.328681022,0.006531606,0.874893069,0.091960743,0.163093269,-0.333076537,0.112300806,0.889530241,0.072382890
-0.015630733,-0.121386819,0.777854919,-0.011299896,-0.008316311,-0.699404776,0.714588046,0.060552478,0.054774269,0.178951979,0.087887719,-0.091017514,-0.158226788,0.073910214,-0.057972923,-0.297690809,0.087864831,-0.125672027,0.146473154,-0.022376567,0.156210542,0.323126405,0.012294248,0.874294400,0.088238813,0.164443552,-0.328678966,0.103029512,0.890239358,0.059464298
-0.016328136,-0.121460736,0.777803600,-0.011767256,-0.008730653,-0.699219882,0.714756489,0.062012758,0.055914007,0.180025771,0.087843910,-0.090882711,-0.162337691,0.075378031,-0.056746919,-0.304184973,0.087859198,-0.126292497,0.150012612,-0.023398621,0.158231169,0.317565978,0.018425718,0.874438763,0.084544100,0.165346995,-0.324016541,0.093243748,0.891623735,0.046374194
-0.016980272,-0.121487975,0.777664185,-0.012236803,-0.009201554,-0.699025095,0.714933217,0.063501857,0.056881443,0.181192234,0.087807491,-0.090982884,-0.166432232,0.077648006,-0.055652820,-0.311060816,0.087859452,-0.127936512,0.153708264,-0.024544772,0.159320578,0.311994046,0.025294621,0.876069188,0.080903910,0.165356830,-0.318824589,0.082429394,0.894358158,0.032941420
-0.017509442,-0.121440589,0.777587295,-0.012681007,-0.009691796,-0.698883891,0.715056956,0.064931832,0.057579540,0.182902068,0.087766498,-0.090939581,-0.170218557,0.079752587,-0.054720107,-0.317608178,0.087839708,-0.129390493,0.157530099,-0.025314372,0.158901185,0.308523864,0.032410614,0.878927350,0.075187221,0.164309785,-0.315574676,0.072476596,0.898324609,0.022099277
-0.017977113,-0.121355884,0.777541816,-0.013112525,-0.010191688,-0.698769569,0.715154111,0.066332199,0.058142934,0.184883550,0.087723225,-0.090824544,-0.173850641,0.081774391,-0.053868122,-0.323991120,0.087809950,-0.130749419,0.161414877,-0.025895679,0.157727435,0.306104630,0.039649878,0.882399321,0.068432540,0.162734345,-0.313295841,0.062954932,0.902907073,0.012552817
-0.018348901,-0.121163189,0.777486444,-0.013112525,-0.010191688,-0.698769569,0.715154111,0.067418881,0.058240823,0.187581956,0.087630823,-0.090496749,-0.176879346,0.083292797,-0.053541429,-0.329483986,0.087767482,-0.131695569,0.165439650,-0.026068162,0.157727391,0.302024543,0.051098339,0.885259092,0.062685043,0.162126705,-0.309796900,0.051757336,0.907007217,0.002065142
-0.018693462,-0.120975658,0.777398348,-0.013554719,-0.011210976,-0.698776007,0.715124369,0.068432555,0.058234975,0.190540850,0.087567434,-0.090279773,-0.179568797,0.084537685,-0.053360205,-0.334685296,0.087740369,-0.132473692,0.169437230,-0.026129251,0.157208800,0.298094928,0.062843978,0.888744175,0.056454636,0.160959244,-0.306697130,0.041218568,0.911723137,-0.007369605
-0.018983599,-0.120798469,0.777244389,-0.013618938,-0.011649041,-0.699073076,0.714825630,0.069300294,0.058021661,0.194020987,0.087562062,-0.090284400,-0.181579977,0.085235663,-0.053469919,-0.339303821,0.087743990,-0.132915795,0.173380703,-0.025967550,0.155653089,0.294465959,0.075184859,0.893479943,0.049257942,0.158672005,-0.304395467,0.031996667,0.917670786,-0.014699214
-0.019208128,-0.120515421,0.777085662,-0.013640341,-0.011795057,-0.699172080,0.714725971,0.069723681,0.057534769,0.197412878,0.087549895,-0.090406179,-0.183189020,0.085494116,-0.053854622,-0.343754917,0.087763518,-0.133514464,0.177149564,-0.025859281,0.153418869,0.291459143,0.086635120,0.898569107,0.042380422,0.156102091,-0.302989513,0.023928201,0.923195720,-0.020252924
-0.019399863,-0.120179430,0.776924491,-0.013385581,-0.012438226,-0.699650288,0.714251816,0.069924898,0.056911074,0.200760797,0.087534353,-0.090586528,-0.184597060,0.085532822,-0.054376829,-0.348122478,0.087791011,-0.134191439,0.180831254,-0.025777724,0.150845334,0.288763255,0.097640507,0.903835177,0.035662241,0.153390720,-0.302031338,0.016436148,0.928509414,-0.024918899
-0.019512849,-0.120004863,0.776773572,-0.013116186,-0.012704410,-0.700043559,0.713866711,0.070452809,0.056575052,0.204059899,0.087537691,-0.091737330,-0.187295377,0.085024521,-0.055094391,-0.352584004,0.087797210,-0.134713143,0.184395760,-0.026019983,0.151496813,0.284619391,0.111161448,0.905481696,0.034666613,0.151958764,-0.301093906,0.008236578,0.931697965,-0.029433196
-0.019668918,-0.119732618,0.776650906,-0.012825703,-0.012917109,-0.700423896,0.713495076,0.070486471,0.055979885,0.207000107,0.087524049,-0.092547134,-0.189915299,0.084383130,-0.055775344,-0.356749177,0.087808721,-0.135165721,0.187510192,-0.026243523,0.151262626,0.281068027,0.123399481,0.907534838,0.032994609,0.150351286,-0.300439954,0.001283710,0.934567690,-0.033157550
-0.019911164,-0.119265005,0.776584387,-0.012493024,-0.013022862,-0.700778544,0.713150620,0.069531649,0.054866381,0.209222764,0.087476462,-0.092674993,-0.192378670,0.083475545,-0.056383103,-0.360321939,0.087830827,-0.135480121,0.189724699,-0.026429631,0.149257064,0.278701335,0.133072630,0.910401165,0.029969718,0.148392618,-0.300352871,-0.003176284,0.936799765,-0.035302296
-0.019891268,-0.119183615,0.776954770,-0.012382132,-0.013058112,-0.700896740,0.713035703,0.069062017,0.054251537,0.210830718,0.087319009,-0.092520818,-0.194101900,0.083001196,-0.056654554,-0.362466455,0.087703988,-0.135594368,0.191532716,-0.026724972,0.148392648,0.276421338,0.141358405,0.911865354,0.028427016,0.147483811,-0.300330490,-0.005890661,0.937819481,-0.037474722
-0.019740300,-0.119295329,0.777543604,-0.012174667,-0.013004297,-0.700976253,0.712962091,0.068834968,0.053885996,0.212131381,0.087106615,-0.092225604,-0.195455119,0.082743451,-0.056757864,-0.363897026,0.087502658,-0.135608554,0.193137571,-0.027074935,0.148098752,0.274184585,0.148950815,0.912628353,0.027625352,0.147099912,-0.300340474,-0.007732333,0.938233137,-0.039661068
-0.019740300,-0.119295329,0.777543604,-0.012174667,-0.013004297,-0.700976253,0.712962091,0.068834968,0.053885996,0.212131381,0.087106615,-0.092225604,-0.195455119,0.082743451,-0.056757860,-0.363897026,0.087502658,-0.135608554,0.193137571,-0.027074935,0.148098752,0.274184585,0.148950815,0.912628412,0.027625352,0.147099912,-0.300340474,-0.007732333,0.938233137,-0.039661068
-0.019740300,-0.119295329,0.777543545,-0.012174667,-0.013004297,-0.700976253,0.712962091,0.068834968,0.053885996,0.212131381,0.087106615,-0.092225611,-0.195455119,0.082743451,-0.056757864,-0.363897026,0.087502658,-0.135608554,0.193137571,-0.027074935,0.148098752,0.274184585,0.148950815,0.912628353,0.027625352,0.147099912,-0.300340474,-0.007732333,0.938233137,-0.039661068
-0.019740300,-0.119295329,0.777543545,-0.012174667,-0.013004297,-0.700976253,0.712962091,0.068834968,0.053885996,0.212131381,0.087106615,-0.092225611,-0.195455119,0.082743451,-0.056757864,-0.363897026,0.087502658,-0.135608554,0.193137571,-0.027074935,0.148098752,0.274184585,0.148950815,0.912628353,0.027625352,0.147099912,-0.300340474,-0.007732333,0.938233137,-0.039661068
-0.019740300,-0.119295329,0.777543604,-0.012174667,-0.013004297,-0.700976253,0.712962091,0.068834968,0.053885996,0.212131381,0.087106615,-0.092225604,-0.195455119,0.082743451,-0.056757864,-0.363897026,0.087502658,-0.135608554,0.193137571,-0.027074937,0.148098752,0.274184585,0.148950815,0.912628293,0.027625352,0.147099912,-0.300340474,-0.007732334,0.938233137,-0.039661068
-0.019740300,-0.119295329,0.777543604,-0.012174667,-0.013004297,-0.700976253,0.712962091,0.068834968,0.053885996,0.212131381,0.087106615,-0.092225604,-0.195455119,0.082743451,-0.056757864,-0.363897026,0.087502658,-0.135608554,0.193137571,-0.027074935,0.148098752,0.274184585,0.148950815,0.912628353,0.027625352,0.147099912,-0.300340474,-0.007732333,0.938233137,-0.039661068
-0.019740300,-0.119295329,0.777543604,-0.012174667,-0.013004297,-0.700976253,0.712962091,0.068834968,0.053885996,0.212131381,0.087106615,-0.092225604,-0.195455119,0.082743451,-0.056757860,-0.363897026,0.087502658,-0.135608554,0.193137571,-0.027074935,0.148098752,0.274184585,0.148950815,0.912628412,0.027625352,0.147099912,-0.300340474,-0.007732333,0.938233137,-0.039661068
-0.019740300,-0.119295329,0.777543545,-0.012174667,-0.013004297,-0.700976253,0.712962091,0.068834968,0.053885996,0.212131381,0.087106615,-0.092225611,-0.195455119,0.082743451,-0.056757864,-0.363897026,0.087502658,-0.135608554,0.193137571,-0.027074935,0.148098752,0.274184585,0.148950815,0.912628353,0.027625352,0.147099912,-0.300340474,-0.007732333,0.938233137,-0.039661068
-0.019740300,-0.119295329,0.777543604,-0.012174667,-0.013004297,-0.700976253,0.712962091,0.068834968,0.053885996,0.212131381,0.087106615,-0.092225604,-0.195455119,0.082743451,-0.056757860,-0.363897026,0.087502658,-0.135608554,0.193137571,-0.027074937,0.148098752,0.274184585,0.148950815,0.912628293,0.027625352,0.147099912,-0.300340474,-0.007732334,0.938233137,-0.039661068
-0.019740300,-0.119295329,0.777543604,-0.012174667,-0.013004297,-0.700976253,0.712962091,0.068834968,0.053885996,0.212131381,0.087106615,-0.092225604,-0.195455119,0.082743451,-0.056757864,-0.363897026,0.087502658,-0.135608554,0.193137571,-0.027074937,0.148098752,0.274184585,0.148950815,0.912628293,0.027625352,0.147099912,-0.300340474,-0.007732334,0.938233137,-0.039661068
-0.019740300,-0.119295329,0.777543604,-0.012174667,-0.013004297,-0.700976253,0.712962091,0.068834968,0.053885996,0.212131381,0.087106615,-0.092225604,-0.195455119,0.082743451,-0.056757864,-0.363897026,0.087502658,-0.135608554,0.193137571,-0.027074935,0.148098752,0.274184585,0.148950815,0.912628353,0.027625352,0.147099912,-0.300340474,-0.007732333,0.938233137,-0.039661068
-0.019740300,-0.119295329,0.777543604,-0.012174667,-0.013004297,-0.700976253,0.712962091,0.068834968,0.053885996,0.212131381,0.087106615,-0.092225604,-0.195455119,0.082743451,-0.056757864,-0.363897026,0.087502658,-0.135608554,0.193137571,-0.027074937,0.148098752,0.274184585,0.148950815,0.912628293,0.027625352,0.147099912,-0.300340474,-0.007732334,0.938233137,-0.039661068
-0.019740300,-0.119295329,0.777543545,-0.012174667,-0.013004297,-0.700976253,0.712962091,0.068834968,0.053885996,0.212131381,0.087106615,-0.092225611,-0.195455119,0.082743451,-0.056757864,-0.363897026,0.087502658,-0.135608554,0.193137571,-0.027074935,0.148098752,0.274184585,0.148950815,0.912628353,0.027625352,0.147099912,-0.300340474,-0.007732333,0.938233137,-0.039661068
-0.019740300,-0.119295329,0.777543545,-0.012174667,-0.013004297,-0.700976253,0.712962091,0.068834968,0.053885996,0.212131381,0.087106615,-0.092225611,-0.195455119,0.082743451,-0.056757864,-0.363897026,0.087502658,-0.135608554,0.193137571,-0.027074935,0.148098752,0.274184585,0.148950815,0.912628353,0.027625352,0.147099912,-0.300340474,-0.007732333,0.938233137,-0.039661068
-0.019740300,-0.119295329,0.777543604,-0.012174667,-0.013004297,-0.700976253,0.712962091,0.068834968,0.053885996,0.212131381,0.087106615,-0.092225604,-0.195455119,0.082743451,-0.056757864,-0.363897026,0.087502658,-0.135608554,0.193137571,-0.027074937,0.148098752,0.274184585,0.148950815,0.912628293,0.027625352,0.147099912,-0.300340474,-0.007732334,0.938233137,-0.039661068
