0.007707175,-0.013619599,0.777544081,-0.012171572,-0.013005055,-0.700976312,0.712962151,0.068837419,0.053878188,0.212131128,0.087080993,-0.092206024,-0.195454016,0.082756273,-0.056757029,-0.363898188,0.087468646,-0.135591730,0.193137407,-0.027082205,0.161740020,0.260617644,0.158385098,0.895650744,0.039939523,0.149826393,-0.294898748,-0.010851496,0.935203433,-0.045214705
0.007707175,-0.013619599,0.777544081,-0.012171572,-0.013005055,-0.700976312,0.712962151,0.068837419,0.053878188,0.212131143,0.087080993,-0.092206024,-0.195454016,0.082756273,-0.056757029,-0.363898188,0.087468646,-0.135591730,0.193137407,-0.027082205,0.161740020,0.260617644,0.158385098,0.895650744,0.039939523,0.149826393,-0.294898748,-0.010851496,0.935203433,-0.045214705
0.007707176,-0.013619600,0.777544022,-0.012171572,-0.013005055,-0.700976312,0.712962151,0.068837464,0.053878173,0.212131143,0.087080888,-0.092205971,-0.195454016,0.082756318,-0.056757007,-0.363898188,0.087468550,-0.135591671,0.193137407,-0.027082205,0.161740020,0.260617644,0.158385098,0.895650744,0.039939523,0.149826393,-0.294898748,-0.010851495,0.935203433,-0.045214705
0.007707176,-0.013619602,0.777544081,-0.012171572,-0.013005055,-0.700976312,0.712962151,0.068837613,0.053878136,0.212131172,0.087080576,-0.092205793,-0.195454031,0.082756437,-0.056756947,-0.363898218,0.087468266,-0.135591522,0.193137407,-0.027082205,0.161740020,0.260617644,0.158385098,0.895650744,0.039939523,0.149826393,-0.294898748,-0.010851496,0.935203433,-0.045214705
0.007707175,-0.013619602,0.777544081,-0.012171574,-0.013005058,-0.700976312,0.712962151,0.068837665,0.053878125,0.212131172,0.087080471,-0.092205733,-0.195454016,0.082756482,-0.056756925,-0.363898218,0.087468170,-0.135591462,0.193137407,-0.027082205,0.161740020,0.260617644,0.158385098,0.895650744,0.039939523,0.149826393,-0.294898748,-0.010851496,0.935203433,-0.045214705
0.007707175,-0.013619602,0.777544081,-0.012171574,-0.013005058,-0.700976312,0.712962151,0.068837665,0.053878125,0.212131187,0.087080471,-0.092205733,-0.195454016,0.082756482,-0.056756925,-0.363898218,0.087468170,-0.135591462,0.193137407,-0.027082205,0.161740020,0.260617644,0.158385098,0.895650744,0.039939523,0.149826393,-0.294898748,-0.010851496,0.935203433,-0.045214705
0.007707175,-0.013619602,0.777544081,-0.012171574,-0.013005058,-0.700976312,0.712962151,0.068837665,0.053878121,0.212131187,0.087080471,-0.092205733,-0.195454016,0.082756482,-0.056756925,-0.363898218,0.087468170,-0.135591462,0.193137407,-0.027082205,0.161740020,0.260617644,0.158385098,0.895650744,0.039939523,0.149826393,-0.294898748,-0.010851496,0.935203433,-0.045214705
0.007707175,-0.013619602,0.777544081,-0.012171574,-0.013005058,-0.700976312,0.712962151,0.068837613,0.053878136,0.212131172,0.087080576,-0.092205793,-0.195454016,0.082756437,-0.056756943,-0.363898218,0.087468266,-0.135591507,0.193137407,-0.027082205,0.161740020,0.260617644,0.158385098,0.895650744,0.039939523,0.149826393,-0.294898748,-0.010851496,0.935203433,-0.045214705
0.007707176,-0.013619600,0.777544022,-0.012171574,-0.013005058,-0.700976312,0.712962151,0.068837471,0.053878177,0.212131143,0.087080888,-0.092205971,-0.195454016,0.082756311,-0.056757007,-0.363898188,0.087468550,-0.135591686,0.193137407,-0.027082205,0.161740020,0.260617644,0.158385098,0.895650744,0.039939523,0.149826393,-0.294898748,-0.010851496,0.935203433,-0.045214705
0.007707175,-0.013619598,0.777544081,-0.012171572,-0.013005055,-0.700976312,0.712962151,0.068837419,0.053878188,0.212131128,0.087080993,-0.092206024,-0.195454016,0.082756273,-0.056757029,-0.363898188,0.087468646,-0.135591730,0.193137407,-0.027082205,0.161740020,0.260617644,0.158385098,0.895650744,0.039939523,0.149826393,-0.294898748,-0.010851496,0.935203433,-0.045214705
0.007707175,-0.013619599,0.777544081,-0.012171572,-0.013005055,-0.700976312,0.712962151,0.068837419,0.053878188,0.212131128,0.087080993,-0.092206024,-0.195454016,0.082756273,-0.056757029,-0.363898188,0.087468646,-0.135591730,0.193137407,-0.027082205,0.161740020,0.260617644,0.158385098,0.895650744,0.039939523,0.149826393,-0.294898748,-0.010851496,0.935203433,-0.045214705
0.007707175,-0.013619598,0.777544081,-0.012171572,-0.013005055,-0.700976312,0.712962151,0.068837419,0.053878188,0.212131128,0.087080993,-0.092206024,-0.195454016,0.082756273,-0.056757029,-0.363898188,0.087468646,-0.135591730,0.193137407,-0.027082205,0.161740020,0.260617644,0.158385098,0.895650744,0.039939523,0.149826393,-0.294898748,-0.010851496,0.935203433,-0.045214705
0.007707175,-0.013619599,0.777544081,-0.012171572,-0.013005055,-0.700976312,0.712962151,0.068837419,0.053878188,0.212131128,0.087080993,-0.092206024,-0.195454016,0.082756273,-0.056757029,-0.363898188,0.087468646,-0.135591730,0.193137407,-0.027082205,0.161740020,0.260617644,0.158385098,0.895650744,0.039939523,0.149826393,-0.294898748,-0.010851496,0.935203433,-0.045214705
0.007707175,-0.013619599,0.777544081,-0.012171572,-0.013005055,-0.700976312,0.712962151,0.068837419,0.053878188,0.212131128,0.087080993,-0.092206024,-0.195454016,0.082756273,-0.056757029,-0.363898188,0.087468646,-0.135591730,0.193137407,-0.027082205,0.161740020,0.260617644,0.158385098,0.895650744,0.039939523,0.149826393,-0.294898748,-0.010851496,0.935203433,-0.045214705
0.007707175,-0.013619598,0.777544081,-0.012171572,-0.013005055,-0.700976312,0.712962151,0.068837419,0.053878188,0.212131113,0.087080993,-0.092206024,-0.195454016,0.082756273,-0.056757033,-0.363898188,0.087468646,-0.135591730,0.193137407,-0.027082205,0.161740020,0.260617644,0.158385098,0.895650744,0.039939523,0.149826393,-0.294898748,-0.010851496,0.935203433,-0.045214705
0.007707175,-0.013619599,0.777544081,-0.012171572,-0.013005055,-0.700976312,0.712962151,0.068837419,0.053878188,0.212131128,0.087080993,-0.092206024,-0.195454016,0.082756273,-0.056757029,-0.363898188,0.087468646,-0.135591730,0.193137407,-0.027082205,0.161740020,0.260617644,0.158385098,0.895650744,0.039939523,0.149826393,-0.294898748,-0.010851496,0.935203433,-0.045214705
0.007511346,-0.013486993,0.777063251,-0.012171572,-0.013005055,-0.700976312,0.712962151,0.068296008,0.054041680,0.210858643,0.087251358,-0.090389587,-0.193734616,0.082400620,-0.056928232,-0.361502647,0.087692305,-0.136497125,0.192131162,-0.026726145,0.161528379,0.260945201,0.156430840,0.893714070,0.039369874,0.149455100,-0.295321912,-0.009511553,0.934239745,-0.044878349
0.007289508,-0.013239156,0.776265323,-0.011993477,-0.012863235,-0.700988650,0.712955475,0.067330331,0.054780286,0.209457099,0.087538965,-0.089785255,-0.191548392,0.081224710,-0.056670707,-0.356493056,0.088022731,-0.135940701,0.190798059,-0.026415808,0.162154838,0.261539400,0.154824793,0.888235271,0.034676719,0.148579538,-0.297274441,-0.004071149,0.931865573,-0.044860020
0.007015657,-0.012760864,0.774833024,-0.011855316,-0.012300135,-0.701624632,0.712342024,0.065516099,0.056669116,0.207797468,0.088061057,-0.091605142,-0.188428506,0.078408286,-0.055555716,-0.346255213,0.088566661,-0.132460669,0.188811302,-0.026196906,0.164457470,0.262666851,0.153915167,0.875672460,0.021736611,0.146695450,-0.302285701,0.009570119,0.926670372,-0.045477752
0.006233329,-0.012001781,0.772592068,-0.011702378,-0.011322189,-0.701439738,0.712542892,0.061825052,0.059952870,0.205815643,0.089178205,-0.090248361,-0.186092734,0.075011663,-0.053171210,-0.339789689,0.089579478,-0.129975393,0.185677558,-0.026077392,0.169821754,0.267545998,0.148101732,0.851850510,0.013704264,0.143782586,-0.315543354,0.027405664,0.917984486,-0.037796751
0.005196769,-0.011102306,0.769946873,-0.011542035,-0.010136808,-0.700843275,0.713149846,0.057195615,0.063934065,0.203672752,0.090592869,-0.087303273,-0.184149012,0.071324944,-0.050151948,-0.335210323,0.090826720,-0.127987489,0.181970283,-0.026007570,0.176716864,0.274300963,0.139836431,0.822399199,0.008125822,0.140355378,-0.332924157,0.047338270,0.907553315,-0.025966434
0.003326984,-0.009828966,0.765872598,-0.011827125,-0.008034326,-0.698877037,0.715098917,0.027212597,0.076333947,0.198375732,0.146661505,-0.111900732,-0.181933880,0.066433370,-0.043791927,-0.332161963,0.093624622,-0.129479364,0.176304236,-0.026590768,0.187660307,0.288937479,0.124896653,0.779613256,-0.003569656,0.140485704,-0.355301261,0.064844109,0.887830973,-0.002010073
0.001224431,-0.008489409,0.761567891,-0.012169312,-0.005627317,-0.696813941,0.717126548,-0.013479089,0.091449246,0.190461650,0.224728987,-0.147668630,-0.179807305,0.044150215,-0.042413548,-0.329157442,0.136016279,-0.152924001,0.170341223,-0.027295683,0.199867249,0.303626001,0.112539738,0.736895442,-0.019336339,0.138356224,-0.375917822,0.081775412,0.870792687,0.025454726
-0.001343654,-0.007017419,0.756802440,-0.012625777,-0.002611361,-0.694562554,0.719316840,-0.075588077,0.111995384,0.177313477,0.346794099,-0.205777317,-0.177857891,-0.012916214,-0.050998483,-0.326240689,0.257595688,-0.220274284,0.163784280,-0.028244019,0.214601189,0.318418443,0.105348594,0.694313586,-0.043245431,0.131707132,-0.393013269,0.097557642,0.859122515,0.059936382
-0.003931810,-0.005428461,0.752462268,-0.012936020,0.000628199,-0.692066967,0.721717179,-0.123972461,0.128342509,0.161891520,0.434570968,-0.244226605,-0.175241843,-0.054725684,-0.053915724,-0.325810045,0.341976285,-0.267065525,0.156733215,-0.029272176,0.226847202,0.329423428,0.103785485,0.668055534,-0.073336557,0.117595240,-0.404258788,0.113802120,0.861688912,0.098977968
-0.006529998,-0.003781023,0.748334765,-0.013172969,0.003979514,-0.689439595,0.724212587,-0.165494502,0.142590106,0.145332679,0.505203605,-0.272846192,-0.172292501,-0.088906638,-0.053999133,-0.326622486,0.407757461,-0.303577214,0.149435073,-0.030340243,0.237849236,0.338534683,0.105036370,0.649959445,-0.106518634,0.099751979,-0.412579387,0.130277708,0.871373475,0.140299454
-0.008900266,-0.002434898,0.745977640,-0.012882687,0.007303731,-0.685923517,0.727522969,-0.194030285,0.150401145,0.124567226,0.542507589,-0.280621171,-0.168491095,-0.107369229,-0.050024092,-0.329678446,0.436610192,-0.319540203,0.143042654,-0.030668709,0.239681914,0.339359820,0.104879588,0.667442203,-0.142917871,0.075964600,-0.411974669,0.148672402,0.899622977,0.176984549
-0.011149609,-0.001127410,0.744306207,-0.012271522,0.010697884,-0.681935251,0.731231451,-0.219396576,0.156460866,0.103946462,0.570726931,-0.280912548,-0.166057602,-0.122205369,-0.045408592,-0.333825976,0.456028521,-0.330033243,0.137003228,-0.030635403,0.239127398,0.337723166,0.102008127,0.693110824,-0.180428877,0.048324998,-0.407298625,0.170883998,0.933976471,0.210799322
-0.013157108,0.000102809,0.744006097,-0.011018848,0.014231880,-0.677015245,0.735749006,-0.238423854,0.159017891,0.083614975,0.580776989,-0.266236544,-0.166359887,-0.129788607,-0.039512128,-0.340156645,0.456577897,-0.329586267,0.131669745,-0.029878544,0.233798429,0.331162989,0.093707263,0.735151231,-0.220163614,0.012980757,-0.394479960,0.200729609,0.980538487,0.238873556
-0.015036822,0.001220775,0.744956791,-0.009150754,0.017983608,-0.671032310,0.741153479,-0.252185136,0.157751262,0.058789589,0.574827433,-0.233060926,-0.173720926,-0.130779654,-0.032486305,-0.350245833,0.440191448,-0.321055233,0.126124024,-0.028295405,0.227985218,0.319808722,0.082312904,0.780115306,-0.255215526,-0.021959204,-0.376594365,0.232531473,1.025529504,0.260830373
-0.016852651,0.002282619,0.746532798,-0.006974451,0.021842999,-0.664477408,0.746956468,-0.263313472,0.154572800,0.031717204,0.560878217,-0.190635532,-0.184611306,-0.128474668,-0.024895778,-0.362214297,0.415337116,-0.308482111,0.120472141,-0.026299130,0.221929863,0.306057334,0.069371782,0.826541364,-0.287926137,-0.056697138,-0.356175274,0.265311539,1.069735050,0.279728562
-0.018171508,0.002756139,0.749679804,-0.004352335,0.025748935,-0.656062722,0.754254341,-0.282271326,0.149759144,-0.008064033,0.554678679,-0.137740523,-0.219077647,-0.113355026,-0.014071438,-0.378547966,0.361641824,-0.281591475,0.113613985,-0.022842906,0.215912804,0.290025800,0.050063439,0.868617773,-0.314125538,-0.087319598,-0.332821608,0.296401680,1.102002144,0.290400803
-0.019296516,0.003057447,0.753065288,-0.001875294,0.029460903,-0.647310615,0.761654496,-0.298995078,0.146427780,-0.045630533,0.542935610,-0.087622389,-0.260646820,-0.091214404,-0.000352021,-0.394998640,0.292753696,-0.246674746,0.107342288,-0.018784458,0.211593539,0.274068326,0.032060090,0.908456087,-0.338077307,-0.115988478,-0.311658829,0.328967184,1.127620935,0.297912925
-0.020033842,0.003014339,0.756927788,0.000310624,0.032787856,-0.637973726,0.769359827,-0.311250687,0.146061048,-0.078767650,0.520105481,-0.043057822,-0.316421479,-0.055031966,0.019157510,-0.411683440,0.193480223,-0.195706144,0.102243491,-0.013521573,0.210669801,0.258259058,0.016666710,0.943818033,-0.357533991,-0.140750319,-0.294877827,0.364483595,1.139943123,0.299105078
-0.020238953,0.002388872,0.760705471,0.001722497,0.035613693,-0.628249943,0.777194142,-0.318240881,0.154977635,-0.087106124,0.483846843,-0.016907018,-0.343286335,-0.032486875,0.032224238,-0.428307295,0.133563787,-0.166179791,0.098454311,-0.006517887,0.214554533,0.243308634,0.007405577,0.972119510,-0.374966502,-0.163401127,-0.283647478,0.406495273,1.139916062,0.292316794
-0.020177953,0.001472233,0.764440596,0.002747066,0.038185645,-0.618279457,0.785025418,-0.322598368,0.168535784,-0.083045207,0.440874338,0.000036656,-0.355696023,-0.016760666,0.042069435,-0.444900542,0.093326457,-0.147374839,0.095319979,0.001356133,0.220843449,0.228787750,0.001210657,0.996890426,-0.391386777,-0.184996203,-0.275192618,0.451754212,1.133714557,0.281538337
-0.019806143,-0.000364413,0.767602086,0.002491559,0.040091570,-0.607698381,0.793151379,-0.327218056,0.190485537,-0.057508647,0.391920149,0.009056063,-0.325435996,-0.012619630,0.045912661,-0.463576734,0.092112832,-0.150972158,0.093770385,0.011031928,0.233911783,0.217656225,0.008979045,1.011625767,-0.409310937,-0.208453149,-0.276352555,0.504633963,1.114423156,0.265351087
-0.019161280,-0.002423862,0.770262957,0.001669101,0.041701198,-0.596913099,0.801219761,-0.329307348,0.213058650,-0.035102718,0.338002443,0.021799028,-0.296169639,-0.006836596,0.050198600,-0.482753098,0.091130659,-0.155066594,0.093116991,0.021365009,0.248892695,0.207651779,0.020862902,1.024326324,-0.426340759,-0.233906388,-0.279390782,0.556472659,1.094520450,0.250414491
-0.017970305,-0.004928919,0.771922290,-0.000286651,0.042724892,-0.585826933,0.809309244,-0.326335818,0.236878410,-0.018958021,0.274157852,0.041989077,-0.268890619,0.002230416,0.055369951,-0.502929807,0.090611398,-0.160155326,0.094256006,0.033012658,0.267698675,0.199901447,0.040977653,1.032957077,-0.441581964,-0.263352215,-0.286185563,0.606229365,1.073395252,0.237979174
-0.015915222,-0.008277570,0.772384644,-0.003141226,0.042755812,-0.575033903,0.817005634,-0.310985386,0.260307789,-0.013725193,0.192206591,0.075621657,-0.248729199,0.015650084,0.060539804,-0.523009717,0.090376556,-0.166723981,0.098131970,0.044742838,0.292718112,0.192981884,0.065658830,1.035214663,-0.453059077,-0.293682218,-0.299651384,0.648208678,1.051702261,0.235485658
-0.013428106,-0.012047991,0.772248507,-0.006444649,0.042286661,-0.564338923,0.824434340,-0.289445728,0.283541828,-0.013948247,0.101202682,0.115975179,-0.232126638,0.031245960,0.065708868,-0.543041229,0.090283923,-0.174032554,0.103376359,0.056514215,0.320844114,0.186477736,0.092623018,1.034285903,-0.462654054,-0.324454099,-0.316452622,0.686299086,1.029725671,0.237963006
-0.009399615,-0.016248582,0.770332873,-0.010368910,0.040071525,-0.554882169,0.830898583,-0.298155129,0.302939177,-0.037658211,0.095366642,0.109217390,-0.220933542,0.052000202,0.068636239,-0.561209798,0.090472475,-0.180857509,0.112239555,0.067491464,0.354595721,0.185299575,0.115997821,1.027496576,-0.471423507,-0.355130970,-0.340134442,0.705136240,1.013756394,0.248533562
-0.004762997,-0.020450681,0.767743707,-0.014243301,0.037337866,-0.545790553,0.836968184,-0.304511935,0.320363700,-0.062021367,0.091176704,0.101859920,-0.211757705,0.074026495,0.070166387,-0.578739345,0.090913810,-0.186948419,0.121698268,0.078102514,0.389474213,0.185026899,0.137984902,1.019245386,-0.478980124,-0.385147989,-0.366334558,0.719317079,0.998389602,0.260298193
0.001090004,-0.024655925,0.763807416,-0.018019315,0.033574183,-0.537523270,0.842387557,-0.306163609,0.333843082,-0.087691523,0.090278313,0.093303174,-0.206616044,0.098597556,0.068902187,-0.594991326,0.091860726,-0.191571400,0.132348269,0.087981522,0.426607490,0.186565116,0.157197297,1.008070230,-0.484111339,-0.413846254,-0.397572011,0.724185765,0.984227180,0.274451137
0.008104336,-0.028827257,0.758259416,-0.020950288,0.029167153,-0.530137300,0.847150981,-0.302023768,0.340538949,-0.110879809,0.090129748,0.094190940,-0.220054030,0.124238268,0.063643366,-0.608843982,0.093880653,-0.192695931,0.143717870,0.097401321,0.464321852,0.187749505,0.175507218,0.993415594,-0.489752829,-0.441534966,-0.437464356,0.722122550,0.965257406,0.287875116
0.015699338,-0.032981630,0.751905680,-0.023457753,0.024437595,-0.523172081,0.851553619,-0.294988155,0.343843013,-0.132827178,0.090356119,0.099800982,-0.242781892,0.150413811,0.056387242,-0.621496916,0.096437082,-0.192071244,0.155447245,0.106591515,0.502326727,0.188756987,0.193365872,0.977021158,-0.495649457,-0.468718916,-0.481684178,0.716593325,0.943884015,0.300934583
0.024380418,-0.035625629,0.742219448,-0.023820955,0.019919787,-0.517833471,0.854917645,-0.285639733,0.335236609,-0.147704452,0.093802191,0.127547726,-0.308540612,0.115477271,-0.002665557,-0.629834771,0.260918379,-0.268038511,0.168336824,0.115059957,0.534776568,0.189548135,0.205776185,0.958194971,-0.504454434,-0.473362684,-0.559912920,0.693072915,0.877162814,0.315243334
0.032960303,-0.037872370,0.731626689,-0.023660555,0.015674422,-0.512385428,0.858286560,-0.315400600,0.316177011,-0.170499161,0.178135037,0.099929333,-0.357737005,0.081203908,-0.061365217,-0.634261787,0.421165943,-0.340560853,0.180532455,0.122742675,0.564904094,0.190516412,0.217020005,0.936963856,-0.512471318,-0.481709063,-0.638114452,0.671267807,0.812964141,0.332461745
0.041337810,-0.039324600,0.719220877,-0.022454418,0.011975401,-0.506750584,0.861717105,-0.423379749,0.276211262,-0.209128708,0.424240619,-0.038418785,-0.373808920,0.048256904,-0.119358607,-0.630867004,0.572946072,-0.406193376,0.191340163,0.128853962,0.590386868,0.191838995,0.225930855,0.910923123,-0.518911958,-0.497460604,-0.716261446,0.652893007,0.753810287,0.355499446
0.049152561,-0.040466599,0.706009626,-0.021208880,0.008844243,-0.503182530,0.863874555,-0.499539971,0.243176043,-0.233744204,0.604597569,-0.138987899,-0.382173717,0.021142820,-0.168758899,-0.619861186,0.699882209,-0.459374428,0.203326941,0.135835409,0.611658454,0.193820640,0.233197376,0.887065053,-0.529138446,-0.516704440,-0.794456959,0.635333300,0.697074294,0.383501887
0.056685913,-0.041453481,0.692395747,-0.019943770,0.005997147,-0.500650108,0.865399241,-0.559790730,0.213606164,-0.251352698,0.752080142,-0.220667422,-0.386684984,-0.003054752,-0.213862523,-0.605049908,0.814396143,-0.506329656,0.215903223,0.143251896,0.630824387,0.196131796,0.239641726,0.864298403,-0.541257739,-0.537694395,-0.872676492,0.618181288,0.641547382,0.413986564
0.062574871,-0.042114615,0.679931760,-0.018896155,0.004307924,-0.501176178,0.865128219,-0.602617025,0.195968971,-0.255478442,0.860393286,-0.275201559,-0.384892046,-0.022145681,-0.248296678,-0.590606153,0.899263978,-0.547438383,0.226933211,0.150568500,0.637819290,0.198876873,0.244036287,0.855643094,-0.548799932,-0.558513165,-0.942015648,0.599681616,0.595967174,0.445958197
0.068012565,-0.042655759,0.668613315,-0.017795235,0.003165650,-0.502768397,0.864232242,-0.640118957,0.182133436,-0.256404728,0.955868900,-0.323535472,-0.382382125,-0.041096680,-0.278953075,-0.574744761,0.974257410,-0.585037351,0.236129999,0.157112047,0.639378488,0.200476706,0.249129683,0.852959991,-0.552170455,-0.578959823,-1.004481792,0.581968725,0.554511786,0.471979558
0.072547793,-0.042956937,0.659585953,-0.016587589,0.003117258,-0.506489575,0.862080812,-0.666972220,0.175901175,-0.250932127,1.025670290,-0.359469324,-0.378438115,-0.059768002,-0.302054197,-0.556047857,1.029502749,-0.615617156,0.241660446,0.162109599,0.630066335,0.199786052,0.255620807,0.862221360,-0.547197580,-0.598662496,-1.053202391,0.565829098,0.521305919,0.486100584
0.075828061,-0.042871058,0.653093815,-0.014866857,0.004068741,-0.511730313,0.859007776,-0.687812746,0.174502209,-0.243713111,1.075580359,-0.382993340,-0.375287473,-0.080664746,-0.318741918,-0.535064578,1.070003033,-0.638517022,0.243726701,0.164646655,0.612023830,0.196345329,0.265144110,0.877131045,-0.540711999,-0.622151136,-1.082222223,0.557082534,0.497611523,0.488422364
0.078480877,-0.042591639,0.647869468,-0.012888995,0.005520020,-0.517711043,0.855440617,-0.705647111,0.175519958,-0.235620782,1.115545154,-0.400312543,-0.372533530,-0.102674529,-0.332223088,-0.512937903,1.103131056,-0.657577217,0.244060814,0.165953457,0.589615822,0.191529483,0.276183665,0.894865334,-0.533470035,-0.647533238,-1.101391912,0.552032530,0.478672713,0.484844387
0.078619629,-0.041461315,0.646274567,-0.010168882,0.007814132,-0.524411142,0.851368546,-0.714532495,0.181376547,-0.225679636,1.126955986,-0.404164761,-0.372024357,-0.126652479,-0.337710023,-0.492848903,1.119313717,-0.666190386,0.239814758,0.162317902,0.553799331,0.186845392,0.289874315,0.916119516,-0.529296041,-0.661712706,-1.101896882,0.545397162,0.461615890,0.470746219
0.078147620,-0.040232196,0.645990968,-0.007492978,0.010171199,-0.531079829,0.847227573,-0.720090032,0.188320249,-0.215875685,1.130234599,-0.403133035,-0.371877074,-0.149059251,-0.340305269,-0.474535227,1.128461599,-0.671179950,0.234559506,0.157519594,0.517993152,0.179875523,0.304283708,0.932486296,-0.522362471,-0.667333305,-1.097050548,0.534871042,0.445792228,0.453338623
0.076454103,-0.038805500,0.648329616,-0.004906435,0.012654576,-0.537723839,0.843011796,-0.718991935,0.197438180,-0.206346065,1.117249012,-0.392333627,-0.372453541,-0.168323666,-0.337117195,-0.459772229,1.123539329,-0.668922424,0.227285862,0.150395751,0.482207417,0.168334186,0.320130557,0.939078569,-0.509909868,-0.655836463,-1.081501484,0.516563296,0.432434827,0.429312229
0.073580191,-0.037381180,0.653075337,-0.002767946,0.014967515,-0.544095218,0.838885427,-0.709659219,0.208835974,-0.195665568,1.086972713,-0.374020576,-0.372912973,-0.182209313,-0.328046471,-0.448817432,1.104698896,-0.659067452,0.218938082,0.140679359,0.441910207,0.160071760,0.328767270,0.944434881,-0.496121347,-0.638521969,-1.049501419,0.501764119,0.433367640,0.397601902
0.070116118,-0.035958070,0.659024417,-0.000853515,0.017194686,-0.550314367,0.834780157,-0.696209371,0.221373484,-0.184409797,1.048051357,-0.351951092,-0.373313874,-0.193405360,-0.316034585,-0.439766943,1.078899741,-0.645413995,0.210053384,0.129666820,0.399357885,0.153448895,0.333798826,0.949173212,-0.481665134,-0.618299007,-1.009276152,0.488719434,0.441445529,0.362050176
0.065374136,-0.034674279,0.668239474,-0.000086414,0.018614024,-0.555660307,0.831201077,-0.670047820,0.236169428,-0.172237232,0.984302878,-0.313986480,-0.372748077,-0.192500889,-0.295057774,-0.434745669,1.030210733,-0.617225409,0.201398417,0.114857271,0.352590144,0.156392857,0.322103351,0.958923459,-0.467051297,-0.582321525,-0.952485383,0.472327769,0.471367896,0.322627574
0.060341783,-0.033456065,0.678270936,0.000309498,0.019763162,-0.560796678,0.827717543,-0.638372481,0.251800716,-0.158050239,0.911595702,-0.271732479,-0.371272504,-0.187111214,-0.271740556,-0.430995196,0.973710597,-0.583317995,0.193013638,0.099518113,0.305420309,0.162338480,0.304481179,0.970324159,-0.451604724,-0.543478787,-0.891623139,0.454960138,0.509972215,0.286523819
0.054728538,-0.032368958,0.689935565,-0.000036945,0.020372868,-0.565542281,0.824467719,-0.595669031,0.269103199,-0.139834002,0.820969462,-0.220898747,-0.367977351,-0.172751293,-0.243741989,-0.429786235,0.901587248,-0.537972093,0.185168937,0.083119333,0.257444888,0.174287438,0.275005579,0.985026181,-0.434492320,-0.498904467,-0.822616220,0.435640275,0.565941334,0.257056475
0.048880391,-0.031016069,0.702154040,-0.000560652,0.020985931,-0.570460737,0.821056604,-0.544981956,0.286926091,-0.116545931,0.715025663,-0.158665627,-0.361088693,-0.152764916,-0.212583721,-0.427204072,0.815293431,-0.485579520,0.179709345,0.066838369,0.209854990,0.189002261,0.241488114,1.002083540,-0.413986921,-0.457727075,-0.750453830,0.413934976,0.638594627,0.240575135
0.042914782,-0.029530281,0.714649320,-0.001172970,0.021600233,-0.575453818,0.817548215,-0.490303040,0.305009186,-0.090721957,0.601422906,-0.090732776,-0.352403283,-0.129965335,-0.179845512,-0.423935294,0.721914351,-0.429663569,0.175442278,0.050616264,0.162457719,0.205100045,0.205949724,1.020318508,-0.391785085,-0.418247908,-0.676713526,0.391036928,0.719590068,0.230586573
0.037232876,-0.027754202,0.726276755,-0.001697338,0.022357754,-0.580783784,0.813749075,-0.422010481,0.320379376,-0.057615779,0.461473048,-0.002634130,-0.340228796,-0.099160232,-0.146090865,-0.419626385,0.611156940,-0.370357633,0.170199096,0.034882773,0.119437739,0.223377973,0.168812990,1.033914089,-0.365953565,-0.385723114,-0.609297276,0.361835569,0.812172651,0.241470262
0.031466659,-0.025877729,0.737273991,-0.002190241,0.023131758,-0.586359084,0.809718013,-0.349011362,0.332842171,-0.017839015,0.313198179,0.087063022,-0.323549449,-0.064854883,-0.111391939,-0.413681805,0.492487133,-0.308577240,0.163295984,0.019525999,0.079053856,0.242439806,0.130305052,1.044079185,-0.342614770,-0.352643907,-0.547770441,0.329037696,0.901219606,0.258687347
0.025531882,-0.023800490,0.747010708,-0.002620237,0.023939433,-0.592444539,0.805251122,-0.266600072,0.339489967,0.035278507,0.148275077,0.179956049,-0.297860503,-0.023549441,-0.074804895,-0.404466063,0.357993722,-0.241848633,0.153073132,0.004922865,0.043942709,0.263069212,0.089055136,1.047383189,-0.324261934,-0.318456411,-0.498023570,0.289047301,0.983194232,0.288571119
0.020499218,-0.021464664,0.755059719,-0.002485146,0.024598483,-0.599074125,0.800311744,-0.231233686,0.336831272,0.079645231,0.091389596,0.186017454,-0.268137097,0.017840674,-0.043123156,-0.390296787,0.225214213,-0.177244022,0.142950505,-0.008870752,0.014891168,0.282662332,0.046460461,1.040815115,-0.302855194,-0.280561626,-0.466018498,0.251522005,1.043710947,0.316003978
0.015917584,-0.018999541,0.762264907,-0.002067414,0.025182141,-0.605949640,0.795101643,-0.219389051,0.329519391,0.119636804,0.088521369,0.148664162,-0.236396417,0.059273258,-0.013893900,-0.373650759,0.093291238,-0.113701165,0.132877961,-0.022259664,-0.011130737,0.301737428,0.003193287,1.029311061,-0.279921472,-0.240813151,-0.442884117,0.215229154,1.093499303,0.342211485
0.011500999,-0.016189566,0.767067194,-0.000861698,0.025377207,-0.613628268,0.789186716,-0.195037842,0.305703193,0.142019898,0.088876441,0.116503760,-0.243133694,0.046828389,-0.011019751,-0.353486836,0.091345422,-0.116862759,0.121132135,-0.031233393,-0.028269012,0.327455223,-0.046734806,1.001111507,-0.253496051,-0.199624002,-0.437193334,0.200688452,1.107518911,0.341464043
0.007221046,-0.013428735,0.771067977,0.000102570,0.025440130,-0.621231198,0.783214211,-0.167887121,0.278155267,0.158329427,0.090325482,0.090082631,-0.254512548,0.035173818,-0.008045315,-0.333963931,0.089862049,-0.121353656,0.109786838,-0.039829753,-0.041212011,0.357033312,-0.098262593,0.966881275,-0.224723443,-0.157481611,-0.437513351,0.195078894,1.108301520,0.336354315
0.003214299,-0.010766156,0.773466051,0.000583792,0.025241241,-0.628742158,0.777203918,-0.135137126,0.243143573,0.162492186,0.093962431,0.075139537,-0.275174618,0.025099669,-0.004870266,-0.315722764,0.089303546,-0.128503203,0.099242471,-0.047671497,-0.045764759,0.394332290,-0.152990371,0.920589864,-0.191256180,-0.113432273,-0.449854821,0.207331300,1.082610726,0.322520167
-0.000465053,-0.008205014,0.774481952,0.000672104,0.024988877,-0.636428833,0.770930409,-0.148540601,0.212218106,0.146085769,0.201460049,0.010614488,-0.290515363,0.016251551,-0.001289421,-0.301420450,0.089101478,-0.137278959,0.091576010,-0.053924646,-0.043052819,0.437965393,-0.199117675,0.866464615,-0.160692722,-0.070118353,-0.472281575,0.225486532,1.036304712,0.300329089
-0.003980672,-0.005694613,0.774806857,0.000563918,0.024708442,-0.644168615,0.764484167,-0.185020700,0.183336034,0.119394936,0.360886961,-0.078700922,-0.303195298,0.008016532,0.002494286,-0.289087713,0.089077644,-0.146867737,0.085348591,-0.059383437,-0.036708556,0.484765142,-0.240944311,0.808422804,-0.131581455,-0.027172554,-0.499750733,0.246593013,0.979691565,0.273959756
-0.006841283,-0.003612421,0.772808909,-0.000486871,0.024585327,-0.650742650,0.758900046,-0.193756342,0.154801875,0.107150465,0.442031294,-0.132931277,-0.283804864,0.003000113,0.007727008,-0.282712162,0.089520603,-0.148689091,0.082675800,-0.065919839,-0.015521431,0.536830127,-0.255863577,0.747046471,-0.119414084,0.007242138,-0.537960649,0.260285050,0.909741879,0.255438924
-0.009712649,-0.001748438,0.769914567,-0.001845316,0.024472786,-0.656663895,0.753784060,-0.198101997,0.131604165,0.100539126,0.504261851,-0.186373472,-0.249853894,-0.000941774,0.013680862,-0.276281953,0.090383597,-0.146466374,0.080397584,-0.072991461,0.017119044,0.595764279,-0.259678930,0.680384159,-0.114862248,0.045124255,-0.581911445,0.263815701,0.832496762,0.245678708
-0.012605577,-0.000320833,0.765227318,-0.003819079,0.024383785,-0.661342502,0.749677896,-0.193667859,0.119078815,0.105193838,0.528666377,-0.238240376,-0.186781406,-0.002734692,0.021077076,-0.269742340,0.092086673,-0.136155486,0.078908496,-0.081133671,0.072666623,0.668437719,-0.241286680,0.603149056,-0.125541210,0.089941874,-0.637344599,0.247023851,0.740659714,0.253439367
-0.015811067,0.001125290,0.758263409,-0.005539335,0.024015216,-0.664508998,0.746873975,-0.192853719,0.115953073,0.109869793,0.544133902,-0.295375764,-0.124687232,-0.056353416,0.013313536,-0.264555544,0.215401858,-0.188269287,0.067448922,-0.090126023,0.123332568,0.726349592,-0.217479408,0.546350241,-0.124608420,0.120692804,-0.681343913,0.220314592,0.659384489,0.263076961
-0.019172877,0.002580689,0.750161111,-0.007132845,0.023506939,-0.666921318,0.744723201,-0.193849549,0.117527030,0.114556439,0.555133104,-0.355146080,-0.063081436,-0.135885313,-0.002029859,-0.260045052,0.399523675,-0.271595597,0.051004034,-0.099543542,0.171558380,0.776881516,-0.190964356,0.499768823,-0.117869839,0.144410908,-0.719626844,0.188646376,0.583389163,0.273653150
-0.023403121,0.004846654,0.740152061,-0.007482091,0.023651302,-0.665365458,0.746105433,-0.238745213,0.128520861,0.100930601,0.644005716,-0.413377404,-0.057871960,-0.193679631,-0.011564285,-0.265078336,0.528561354,-0.342131615,0.034836292,-0.106684119,0.207183972,0.810734153,-0.161938280,0.470781028,-0.127156585,0.170580357,-0.741287351,0.131179839,0.513603806,0.297646105
-0.027277188,0.006945347,0.731150925,-0.007462718,0.023883130,-0.663979769,0.747331738,-0.279131442,0.137900338,0.089189127,0.722490072,-0.461482078,-0.056892611,-0.243365556,-0.019908041,-0.270159036,0.637842536,-0.401752800,0.019946318,-0.112337142,0.236884132,0.833899260,-0.128786534,0.449145257,-0.139168859,0.192086950,-0.754600883,0.073295049,0.449006677,0.321950674
-0.030438930,0.008709500,0.724165678,-0.006706198,0.024289988,-0.662938118,0.748250067,-0.310498744,0.144051149,0.081216425,0.780197799,-0.489334375,-0.064372405,-0.276835680,-0.025870640,-0.275334477,0.707613468,-0.439545602,0.007611772,-0.115015209,0.254734099,0.835690618,-0.087383904,0.442212552,-0.156631753,0.204268187,-0.751221299,0.014574090,0.394785404,0.346878350
-0.033340421,0.009827165,0.720945716,-0.005854799,0.024204060,-0.664680183,0.746712923,-0.323360473,0.150425881,0.085390262,0.804590106,-0.500138104,-0.071716994,-0.294571936,-0.026440449,-0.274438441,0.740054965,-0.456016243,-0.000492520,-0.114576377,0.267241418,0.804594576,-0.027891524,0.451252162,-0.180127144,0.210968167,-0.722914696,-0.039526504,0.349506378,0.361577213
-0.036111794,0.010621582,0.719608426,-0.004955877,0.023871385,-0.667804599,0.743937314,-0.326969296,0.156912580,0.095637508,0.812324464,-0.502417445,-0.078994021,-0.304441124,-0.024313806,-0.270506650,0.753831565,-0.461825579,-0.006481665,-0.112579070,0.277077436,0.757054269,0.040646121,0.468278140,-0.206638873,0.214927480,-0.682144165,-0.091317035,0.308698475,0.371161610
-0.039408311,0.010711754,0.722633243,-0.004575856,0.023037262,-0.673576295,0.738744378,-0.308757305,0.165172681,0.115607291,0.784627855,-0.487043142,-0.087432899,-0.295592427,-0.014567537,-0.263061166,0.726130605,-0.444439709,-0.004825792,-0.111725919,0.271589279,0.675377488,0.105456538,0.516947746,-0.239528313,0.207812220,-0.617431700,-0.110403225,0.309327781,0.373758554
-0.042507980,0.010821073,0.726610243,-0.004051337,0.022635264,-0.679408133,0.733400166,-0.287729532,0.172231391,0.136164755,0.748140395,-0.466858208,-0.094610438,-0.282824367,-0.003644219,-0.255671769,0.687323213,-0.420655310,-0.001898965,-0.112177268,0.261961639,0.594654977,0.162582457,0.572818041,-0.275730878,0.200709090,-0.550728202,-0.121999286,0.325447917,0.368530989
-0.045213822,0.010968686,0.732491493,-0.003238145,0.023098825,-0.685397387,0.727795601,-0.261071205,0.176887035,0.157896623,0.694073081,-0.437053084,-0.099265046,-0.262218267,0.009632652,-0.248394877,0.626305282,-0.384075314,0.003569576,-0.115237541,0.244055644,0.515844703,0.204337254,0.643086791,-0.318557888,0.193630517,-0.480045736,-0.118614912,0.372548133,0.347655058
-0.047525857,0.011153443,0.739235401,-0.001953143,0.024704985,-0.690639794,0.722774148,-0.230868489,0.178813905,0.179221451,0.624301910,-0.400227070,-0.101508327,-0.244634181,0.020798706,-0.240039483,0.567478359,-0.332782239,0.013283553,-0.120361716,0.216167986,0.448617160,0.226514429,0.725482821,-0.366593927,0.187753260,-0.416537702,-0.107791170,0.445107400,0.321049154
-0.049640987,0.011356773,0.746410787,-0.000432228,0.026881892,-0.695493639,0.718029141,-0.198893413,0.179376364,0.200342819,0.546678305,-0.359890431,-0.102545924,-0.228561029,0.030909363,-0.231144786,0.509746730,-0.274132311,0.025120324,-0.126517892,0.183289275,0.387180954,0.238902688,0.813942790,-0.417234689,0.182476655,-0.356616795,-0.093247630,0.530396640,0.291578174
-0.051550664,0.011743995,0.754093766,0.002131078,0.030116577,-0.699401319,0.714091241,-0.160665572,0.174409747,0.221404180,0.445279837,-0.301036388,-0.104021788,-0.215039223,0.033447769,-0.226702839,0.453503817,-0.215891674,0.045696124,-0.134349316,0.143803626,0.341406912,0.217750266,0.905356407,-0.469795346,0.178766042,-0.313253522,-0.064673916,0.639529884,0.260527790
-0.053534906,0.012178419,0.761324883,0.004948630,0.033331782,-0.703318536,0.710075855,-0.115843333,0.166249335,0.243665084,0.327817380,-0.232946306,-0.105945699,-0.202889323,0.031278864,-0.227133512,0.403394610,-0.165168375,0.064953685,-0.142408341,0.102711760,0.300810248,0.185819581,0.993059993,-0.517551124,0.176706761,-0.277832627,-0.027992953,0.747461438,0.225266218
-0.055668227,0.012707237,0.767652035,0.008274563,0.036509123,-0.707284868,0.705936790,-0.057833120,0.151701510,0.268324673,0.178229198,-0.146385461,-0.108765662,-0.193483487,0.019695384,-0.237309337,0.365553796,-0.129480749,0.081574380,-0.150922388,0.058408253,0.270569026,0.132332921,1.073341966,-0.555696189,0.177950189,-0.258297145,0.024901789,0.852987528,0.181583107
-0.057920732,0.013118796,0.772506356,0.011711064,0.038954318,-0.711640954,0.701364756,-0.035735689,0.145474613,0.287610412,0.113165706,-0.105118871,-0.113074809,-0.189669892,-0.002420674,-0.249801993,0.347077429,-0.110976666,0.090213746,-0.158439517,0.020780558,0.246771008,0.063326821,1.125796556,-0.564097047,0.184271365,-0.247765303,0.088767663,0.940796733,0.113774791
-0.060232803,0.013471720,0.776624203,0.015202346,0.041032113,-0.716168940,0.696553946,-0.031594854,0.143408254,0.304208994,0.090365171,-0.086499810,-0.118128516,-0.188652456,-0.029802809,-0.263452947,0.338283420,-0.101064518,0.094862364,-0.165458143,-0.013508874,0.226194784,-0.013438350,1.164337039,-0.557625651,0.193131357,-0.241735354,0.158118486,1.019746661,0.033904530
-0.062634796,0.013497200,0.778649986,0.018495698,0.041627720,-0.721508980,0.690905213,-0.032592893,0.142773613,0.322456449,0.089609534,-0.081924461,-0.124564074,-0.190238923,-0.067845404,-0.263715714,0.332944214,-0.095778495,0.099219747,-0.171530589,-0.032834191,0.220667124,-0.098532870,1.152826548,-0.494385302,0.211678922,-0.242492899,0.219139516,1.067372441,-0.046932500
-0.065275304,0.013341441,0.780002475,0.021548368,0.041696221,-0.727057338,0.684970379,-0.031801194,0.141605496,0.341607124,0.089039065,-0.079910874,-0.131291404,-0.189882815,-0.106911555,-0.258676022,0.320131123,-0.086285330,0.105178237,-0.177117407,-0.051481683,0.220383704,-0.183139354,1.130665064,-0.419649154,0.231250554,-0.244659945,0.274112016,1.109097958,-0.119708642
-0.068392895,0.012823203,0.780008435,0.024120655,0.040713139,-0.733067691,0.678507507,-0.027430044,0.139370427,0.362564653,0.088838898,-0.083020732,-0.138602376,-0.185641617,-0.148025528,-0.243031383,0.292370200,-0.068377778,0.114339039,-0.181733102,-0.068773896,0.230588704,-0.266771436,1.087201476,-0.321920305,0.252870709,-0.249646023,0.316988558,1.139024019,-0.176364541
-0.072287396,0.011792747,0.778916895,0.025861263,0.038908496,-0.739038885,0.672040820,-0.019882875,0.139240444,0.383173347,0.088928841,-0.086632244,-0.148285896,-0.172375068,-0.187326163,-0.220874235,0.239959061,-0.037095245,0.123571023,-0.185188502,-0.084089160,0.254064381,-0.337419748,1.028378963,-0.237584829,0.278660178,-0.258335859,0.347702533,1.158082128,-0.217391014
-0.076570414,0.010506165,0.777276695,0.027184922,0.036691502,-0.744959891,0.665544569,-0.010747562,0.140163019,0.403608024,0.089163855,-0.090494640,-0.159155861,-0.154595658,-0.225720912,-0.195460439,0.175221905,0.000875306,0.132838756,-0.188063890,-0.098416254,0.284175754,-0.401577592,0.961876094,-0.159944400,0.306534737,-0.268877715,0.372335911,1.171706676,-0.250603616
-0.082147568,0.008740210,0.773671627,0.026838835,0.033991352,-0.749527216,0.660555243,0.002641485,0.144044504,0.419651002,0.089944929,-0.095484324,-0.172048897,-0.140969291,-0.260795057,-0.164070576,0.125221610,0.031541519,0.140645146,-0.190545321,-0.112561852,0.326188803,-0.445535779,0.887430787,-0.115320086,0.338022381,-0.283670187,0.390319884,1.175092936,-0.263078183
-0.088162363,0.006895962,0.769228935,0.025911396,0.031408690,-0.753463149,0.656228125,0.016016876,0.150126353,0.432916641,0.091708690,-0.100499921,-0.185680136,-0.132648557,-0.292628974,-0.129838616,0.091618307,0.057227485,0.155537531,-0.193062961,-0.124609590,0.374699861,-0.484481871,0.808835864,-0.079457298,0.370823771,-0.300459713,0.408967555,1.175024986,-0.269977093
-0.095052518,0.004895096,0.763110995,0.023823172,0.029063437,-0.756189704,0.653272510,0.029365215,0.160608992,0.440627992,0.095437855,-0.105567448,-0.200787947,-0.134938881,-0.317983001,-0.089921787,0.090808056,0.072953552,0.184602082,-0.195653066,-0.132461891,0.436207771,-0.513404489,0.721940458,-0.061116710,0.406253278,-0.321243554,0.428943068,1.168048501,-0.265724868
-0.102561831,0.003320798,0.754713058,0.020504087,0.027772147,-0.757781029,0.651595235,-0.011886341,0.202319324,0.429343969,0.229047582,-0.176825047,-0.218052894,-0.130816683,-0.328815520,-0.055636350,0.090944931,0.084419005,0.258814096,-0.197988331,-0.151722983,0.495057851,-0.541943133,0.647970021,-0.055107322,0.438510180,-0.339465261,0.456142962,1.162868738,-0.251934409
-0.110380813,0.001959762,0.745175064,0.016569447,0.027007652,-0.758799851,0.650552750,-0.080437936,0.259643793,0.408562243,0.427598268,-0.281178087,-0.236396626,-0.123488240,-0.332387537,-0.024166133,0.091555335,0.093754329,0.355600446,-0.200196207,-0.176688641,0.552579820,-0.570290148,0.580461085,-0.055263355,0.469181180,-0.356406093,0.486955374,1.158587217,-0.233374715
-0.118815087,0.002263108,0.733234465,0.011757316,0.028590729,-0.759527981,0.649739683,-0.134187490,0.313089669,0.381362736,0.577254951,-0.344784051,-0.251333296,-0.201129586,-0.312760234,-0.002168501,0.268144578,-0.029491920,0.379652619,-0.200912505,-0.190326661,0.625287473,-0.576327622,0.496055424,-0.071853198,0.494795024,-0.372932076,0.524211049,1.155089378,-0.224940985
-0.127009228,0.002699906,0.721120298,0.007040496,0.030392248,-0.760304034,0.648817778,-0.185020044,0.365114093,0.351274431,0.717722297,-0.398980200,-0.266703904,-0.279287249,-0.293187141,0.019657126,0.446713001,-0.138457417,0.395749152,-0.200535238,-0.207205176,0.689891398,-0.578651309,0.418386698,-0.091903761,0.516347885,-0.386367142,0.560773969,1.155718923,-0.219395161
-0.134723157,0.003403596,0.708659053,0.002514695,0.032631356,-0.761196136,0.647695422,-0.230019346,0.414296269,0.315408081,0.839813054,-0.434357584,-0.282942742,-0.358477473,-0.273722559,0.041139141,0.629239798,-0.218860775,0.395935357,-0.197970748,-0.230565190,0.738288522,-0.573547721,0.354191214,-0.118875854,0.529779017,-0.393620461,0.595951557,1.164603591,-0.219625041
-0.141578436,0.003350256,0.696515203,-0.002521566,0.034078211,-0.762008190,0.646665215,-0.261924058,0.457410574,0.284329653,0.936572433,-0.460055053,-0.297522962,-0.412249506,-0.256988674,0.053080209,0.766475677,-0.279734731,0.396754920,-0.194819957,-0.258381188,0.763396859,-0.566678464,0.313248992,-0.140948221,0.534182906,-0.396707535,0.635486007,1.180357337,-0.224638551
-0.148004279,0.002918387,0.684530258,-0.007812912,0.035128321,-0.762767673,0.645670593,-0.287280947,0.497490376,0.255645603,1.020664811,-0.480912268,-0.311273605,-0.453311443,-0.241620407,0.060250454,0.881063759,-0.330843121,0.397891164,-0.191376016,-0.288424879,0.776860118,-0.558926344,0.283934236,-0.160570443,0.534072936,-0.397711426,0.677198589,1.199545383,-0.232043922
-0.151979044,0.002143374,0.674831152,-0.012323768,0.035159945,-0.762072802,0.646418571,-0.304003388,0.523456573,0.236098632,1.078430057,-0.504477978,-0.315105557,-0.472886473,-0.235413551,0.056742355,0.949650586,-0.368418813,0.400178730,-0.188759968,-0.305377096,0.772921324,-0.550174952,0.273008466,-0.176550329,0.529014051,-0.395938039,0.705037236,1.214089870,-0.240280464
-0.155249685,0.001446420,0.666073620,-0.016259614,0.035307001,-0.760960042,0.647633255,-0.321766645,0.545216680,0.214336514,1.132478595,-0.523244441,-0.319185793,-0.488719702,-0.231614187,0.050463326,1.008605361,-0.402868062,0.402587503,-0.185891554,-0.327828526,0.756836057,-0.548499346,0.276578903,-0.191091985,0.516327620,-0.390875518,0.734637558,1.231282711,-0.241783604
-0.157112151,0.000905578,0.659198999,-0.019045727,0.035685796,-0.759030461,0.649797261,-0.341611475,0.558564782,0.188144237,1.179094315,-0.532412827,-0.323762685,-0.497069478,-0.232629687,0.038642637,1.048297048,-0.431064546,0.405238718,-0.182518393,-0.361278027,0.716458857,-0.560974836,0.309140712,-0.202757269,0.488386810,-0.379234999,0.767761111,1.253771782,-0.229820475
-0.157618016,0.000601992,0.654941380,-0.021012945,0.036414657,-0.756371975,0.652789235,-0.359609693,0.566440880,0.166734174,1.213025570,-0.533509612,-0.326553702,-0.499288440,-0.237154126,0.024437884,1.069984436,-0.447948813,0.405680060,-0.179763854,-0.392569929,0.659709334,-0.575061083,0.364959717,-0.224348605,0.450386703,-0.365885735,0.790960789,1.274589777,-0.210597664
-0.157445595,0.000417031,0.651992321,-0.022570398,0.037318010,-0.753338158,0.656185627,-0.376684606,0.571581006,0.147715136,1.240614891,-0.530570745,-0.328451902,-0.498442054,-0.243433028,0.009041115,1.082669735,-0.459177077,0.405016452,-0.177318588,-0.422783047,0.594773769,-0.589952648,0.432407141,-0.250902921,0.407357037,-0.351682127,0.809198737,1.294572234,-0.187745079
-0.155666694,0.000748963,0.653123975,-0.023487296,0.038518131,-0.749363542,0.660620093,-0.391011238,0.568207085,0.131997123,1.251635909,-0.513512790,-0.330614030,-0.488263428,-0.252262324,-0.010882438,1.071503878,-0.454071432,0.400072694,-0.174740136,-0.443374157,0.514733911,-0.597585320,0.529493213,-0.309387416,0.352623761,-0.335727453,0.799454570,1.311657548,-0.156551182
-0.153244913,0.001070808,0.655545950,-0.024326473,0.039604366,-0.745112240,0.665317655,-0.401700169,0.562483013,0.120605685,1.254153252,-0.496525407,-0.332201630,-0.473839194,-0.261943668,-0.032692239,1.051837683,-0.443648696,0.394857049,-0.172809273,-0.459733069,0.435463786,-0.603717208,0.634340584,-0.370012730,0.296769798,-0.319792420,0.777864814,1.325280070,-0.118367687
-0.149537265,0.001372482,0.660548568,-0.025010847,0.040463880,-0.740329087,0.670559585,-0.405113608,0.552058339,0.117867567,1.239662170,-0.479678899,-0.332640171,-0.450923413,-0.273329258,-0.058274936,1.015170336,-0.422591448,0.389097571,-0.172173515,-0.467627525,0.357732266,-0.606847405,0.754712224,-0.434920609,0.238673702,-0.303896397,0.732582867,1.331976891,-0.066204101
-0.144701868,0.001484477,0.667671323,-0.025333840,0.040621869,-0.735326290,0.676020145,-0.397536099,0.537424088,0.127377972,1.203874588,-0.468242466,-0.329834044,-0.419164479,-0.285258651,-0.086038038,0.961007953,-0.392011523,0.384219259,-0.173011184,-0.464261234,0.291107982,-0.605808198,0.879167497,-0.484973907,0.184531078,-0.291361719,0.666864514,1.323625207,-0.004178630
-0.139302656,0.001501637,0.675854146,-0.025475379,0.040427882,-0.730191708,0.681569278,-0.384463429,0.520685136,0.143012315,1.157439590,-0.459511012,-0.325405717,-0.382984340,-0.297459871,-0.114891112,0.898098767,-0.356670707,0.379781485,-0.174585491,-0.455264777,0.230037451,-0.602684438,1.005663753,-0.527599931,0.132365450,-0.280507654,0.590928674,1.307749629,0.062777162
-0.132380933,0.000826676,0.686746597,-0.024684051,0.039129116,-0.725558519,0.686603606,-0.354616582,0.494125873,0.168403208,1.080449700,-0.451264918,-0.315897703,-0.337688059,-0.309629202,-0.147340894,0.816420197,-0.305744380,0.371131867,-0.177095473,-0.427781105,0.195971608,-0.576038659,1.112616181,-0.537876964,0.093841121,-0.275907546,0.510004878,1.264667034,0.124996856
-0.125332743,0.000280032,0.697796583,-0.023474954,0.037612882,-0.721577227,0.690912843,-0.321705043,0.465259701,0.194216266,0.997431040,-0.440640420,-0.304831088,-0.292362034,-0.320258319,-0.178177536,0.732518375,-0.253012776,0.360113740,-0.178527132,-0.394069284,0.170389235,-0.530006528,1.206862926,-0.548034012,0.056592152,-0.273672014,0.437449902,1.217465639,0.175851002
-0.118031740,-0.000009964,0.709161401,-0.021432057,0.035664406,-0.718948007,0.693817317,-0.282665193,0.431780636,0.220872968,0.902356863,-0.425259411,-0.290647686,-0.246977404,-0.327806979,-0.205787539,0.644171715,-0.196671769,0.344358981,-0.177802175,-0.347902298,0.161772937,-0.445203930,1.275697827,-0.557951748,0.021893978,-0.276165277,0.381633252,1.162028670,0.203974277
-0.110891104,-0.000436458,0.720793068,-0.018561130,0.034086928,-0.717712224,0.695257425,-0.243349165,0.397323698,0.244373143,0.806780875,-0.394487590,-0.273245752,-0.206914604,-0.331661135,-0.232928425,0.557396114,-0.139615849,0.318765163,-0.173106775,-0.291818082,0.164073199,-0.333046019,1.306414723,-0.590028405,-0.006914288,-0.282853454,0.333759576,1.102110982,0.214402437
-0.103830650,-0.000931198,0.732558250,-0.015276160,0.032694835,-0.717170537,0.695962727,-0.203895047,0.362377793,0.266295046,0.710954010,-0.356020540,-0.254234582,-0.169512689,-0.333668023,-0.259834766,0.471406043,-0.082202487,0.288251907,-0.166426167,-0.230775297,0.171831623,-0.207210675,1.318073034,-0.633184254,-0.032777660,-0.291639030,0.289857298,1.039952993,0.215983227
-0.097562492,-0.001370747,0.743570924,-0.011219503,0.031930342,-0.717931092,0.695291102,-0.161758155,0.326893330,0.285742223,0.605401397,-0.302857190,-0.235399753,-0.144545555,-0.328217745,-0.289497137,0.403776675,-0.046351522,0.241636693,-0.154482573,-0.152497977,0.197094887,-0.114918545,1.256462693,-0.649261951,-0.043638512,-0.311469436,0.252490819,0.972210467,0.208158016
-0.091747709,-0.001744832,0.753858328,-0.007374520,0.031342909,-0.718435526,0.694848001,-0.119094729,0.292149931,0.302062631,0.496982336,-0.246473640,-0.217891887,-0.122652896,-0.318878591,-0.318053842,0.347523153,-0.019752016,0.201722562,-0.142009020,-0.076231092,0.223344088,-0.040189628,1.190112472,-0.650055289,-0.050885729,-0.333323061,0.219134152,0.906101823,0.200740665
-0.086839482,-0.001988005,0.762695074,-0.003953069,0.031110289,-0.718444049,0.694877565,-0.075377241,0.258887649,0.312130123,0.382827908,-0.183648571,-0.203037381,-0.106908366,-0.301761717,-0.344399989,0.314018667,-0.011653818,0.175208896,-0.128475294,-0.003982911,0.251565725,-0.000583477,1.114281416,-0.620281339,-0.050906241,-0.359223485,0.193795845,0.843259156,0.194138736
-0.082845680,-0.002068586,0.769720674,-0.001304749,0.031085979,-0.717050910,0.696326077,-0.022092748,0.225401163,0.314960301,0.244984642,-0.108217143,-0.190888390,-0.096742064,-0.278816938,-0.366788268,0.308257580,-0.017511642,0.163822070,-0.115939192,0.063884750,0.286901355,0.022587031,1.040876627,-0.575187445,-0.040225603,-0.395255446,0.174061120,0.777414262,0.188246056
-0.079309091,-0.002067873,0.775840580,0.000957007,0.031165585,-0.714951456,0.698478520,0.035975151,0.191802561,0.314171821,0.095297225,-0.026482647,-0.180092141,-0.089364819,-0.252958238,-0.387197673,0.316367894,-0.030347345,0.159998536,-0.103901878,0.129562199,0.325793892,0.037539877,0.968684971,-0.522433698,-0.024194494,-0.436353028,0.157128155,0.710068226,0.182707965
-0.076300278,-0.002039378,0.779572427,0.001594186,0.031383134,-0.710097313,0.703402102,0.028965330,0.186410308,0.288840950,0.092784055,-0.021820627,-0.174616650,-0.084847048,-0.219303578,-0.400662750,0.346937716,-0.055968344,0.165675282,-0.095049351,0.191718593,0.362723529,0.057215597,0.900619626,-0.454164445,0.003259066,-0.476653457,0.140607625,0.648987293,0.160833508
-0.073449343,-0.002141112,0.782529175,0.001854768,0.031459704,-0.704411089,0.709092319,0.022284698,0.181718245,0.261109948,0.090911612,-0.018454403,-0.170005947,-0.080087379,-0.183994800,-0.412425905,0.377708435,-0.082162835,0.171401516,-0.087351002,0.250595719,0.401661575,0.080712974,0.835485458,-0.389797121,0.038011905,-0.521158397,0.120614305,0.587181568,0.139097750
-0.070914149,-0.002503310,0.783935785,0.001362141,0.031254601,-0.697068214,0.716322005,0.016262461,0.178426594,0.228578493,0.090320639,-0.017679816,-0.167124897,-0.074843943,-0.145377666,-0.420785040,0.408880740,-0.109504320,0.177226752,-0.081961080,0.302914143,0.444616318,0.111853831,0.776213586,-0.333233953,0.087363578,-0.574072659,0.093675315,0.523926020,0.117639370
-0.068776853,-0.002725361,0.783871174,0.000377819,0.030481361,-0.688721776,0.724384606,0.010906430,0.175937518,0.193636537,0.090131059,-0.018135097,-0.164689839,-0.068666011,-0.106389031,-0.425600469,0.430417061,-0.132122993,0.178061053,-0.078316510,0.348369420,0.484875351,0.153503940,0.721633375,-0.289263725,0.146514505,-0.626296699,0.053612124,0.468256652,0.098762691
-0.066838540,-0.002877332,0.783071101,-0.000852333,0.029421285,-0.679810882,0.732796550,0.005883568,0.173849761,0.157489538,0.090142213,-0.019205377,-0.162477806,-0.062020876,-0.067215003,-0.428643912,0.447134882,-0.152379990,0.176399589,-0.075544678,0.390392423,0.523786187,0.200408578,0.669399619,-0.251590818,0.210564762,-0.678175271,0.006986763,0.416381210,0.081177279
-0.065211833,-0.002834150,0.779780149,-0.002248059,0.027387576,-0.671415210,0.740571737,0.002504265,0.171422660,0.124171898,0.092057854,-0.024008483,-0.159709439,-0.057879843,-0.036972050,-0.427960217,0.450895548,-0.167435080,0.156774908,-0.074072599,0.413188100,0.565137029,0.248312026,0.633694589,-0.240653306,0.268422216,-0.731690049,-0.048632286,0.391764879,0.083320796
-0.063780084,-0.002515441,0.775494993,-0.003533436,0.025079597,-0.663683236,0.747584879,-0.020269841,0.169724807,0.090241298,0.137794614,-0.054457027,-0.156566679,-0.056420762,-0.013626768,-0.428556472,0.456961066,-0.183865920,0.128516346,-0.072581030,0.436624378,0.600588799,0.298148304,0.596373916,-0.234481215,0.318941683,-0.777571380,-0.103702098,0.377025902,0.084739961
-0.062738225,-0.001645701,0.769221246,-0.004598396,0.022228099,-0.657396913,0.753202558,-0.081832074,0.169485301,0.055084869,0.271170229,-0.136194497,-0.152675197,-0.060325392,-0.004076304,-0.431712568,0.467636049,-0.203048125,0.082990699,-0.071050458,0.461341918,0.624242902,0.351850152,0.555821896,-0.237839520,0.354785740,-0.808186352,-0.157673478,0.382041007,0.084710486
-0.061776832,-0.000397503,0.761183023,-0.005076959,0.019022457,-0.653640807,0.756548822,-0.136202693,0.165201411,0.028031209,0.392585099,-0.210982859,-0.148853824,-0.069705054,-0.008371041,-0.434437096,0.493883222,-0.250319481,0.047377232,-0.067712709,0.486998439,0.641826570,0.397654176,0.517242551,-0.249604553,0.376476020,-0.832916558,-0.205796689,0.396244854,0.097162433
-0.060855668,0.001039920,0.752262533,-0.005262349,0.015640007,-0.651155174,0.758765221,-0.186977610,0.158895358,0.005028864,0.508019686,-0.282296747,-0.145067513,-0.081822187,-0.019588247,-0.436945915,0.527916312,-0.311635107,0.016719766,-0.063471399,0.513124466,0.656374991,0.439509332,0.479649425,-0.265572876,0.391089559,-0.854704440,-0.250995815,0.415042996,0.115854964
-0.059940502,0.003286766,0.742217541,-0.004296294,0.013515349,-0.651629448,0.758404851,-0.229360968,0.152769014,-0.003311679,0.601081312,-0.341877192,-0.142027929,-0.106464274,-0.037255622,-0.431282312,0.583794832,-0.392116487,0.008955986,-0.060201854,0.536017418,0.662614822,0.464282215,0.457388520,-0.281622350,0.379480988,-0.868772626,-0.275604159,0.438074946,0.145475477
-0.058979280,0.005654628,0.733092904,-0.003277878,0.011748554,-0.652596772,0.757607162,-0.267684549,0.147297829,-0.009161593,0.684347153,-0.392837912,-0.138387531,-0.133641884,-0.054936759,-0.424585998,0.644304037,-0.459149778,0.004288534,-0.057846017,0.554709554,0.666589320,0.481463909,0.445418417,-0.296623200,0.360422373,-0.878356218,-0.291636169,0.462854743,0.177637875
-0.057926003,0.008264427,0.725809455,-0.002154806,0.010697601,-0.654552639,0.755937696,-0.297887266,0.143137112,-0.010030124,0.748018742,-0.426557541,-0.133545682,-0.165889382,-0.072644740,-0.415824562,0.714072168,-0.499285012,0.005813792,-0.057317663,0.564999521,0.666032970,0.483462989,0.454029918,-0.309526354,0.326464713,-0.878970742,-0.290515184,0.491129160,0.214882672
-0.056853987,0.010251407,0.721313834,-0.001836614,0.009294773,-0.655837834,0.754842341,-0.316461146,0.138390899,-0.013206359,0.790457964,-0.445379078,-0.126551390,-0.184643030,-0.084495202,-0.409591943,0.757090211,-0.520916402,0.010747883,-0.058963552,0.567219555,0.655030847,0.473802686,0.480016649,-0.324179769,0.277565390,-0.864900470,-0.272818178,0.532363057,0.248866647
-0.055772610,0.011926983,0.718212247,-0.001920856,0.007716016,-0.656787515,0.754033864,-0.329220712,0.133351922,-0.017536422,0.822281361,-0.456751734,-0.118480906,-0.196649894,-0.093416952,-0.404623747,0.786733508,-0.533296049,0.017386356,-0.061696537,0.565404713,0.638805866,0.458312720,0.514690876,-0.339708239,0.221195295,-0.843487978,-0.246833280,0.580076575,0.281220227
-0.054459520,0.012791773,0.718142390,-0.002808867,0.006272698,-0.655724645,0.754968762,-0.331476033,0.127333432,-0.025650766,0.831596911,-0.454614341,-0.110071182,-0.192473024,-0.096574515,-0.406888574,0.784586430,-0.532861769,0.025819331,-0.065568581,0.550022542,0.613898158,0.425223172,0.566377401,-0.361786127,0.186758876,-0.795906246,-0.232718259,0.622131467,0.304046929
-0.053120844,0.013617062,0.718872547,-0.003434487,0.005121612,-0.654278040,0.756229043,-0.332056046,0.120914757,-0.034071133,0.834481597,-0.448513597,-0.102564074,-0.186041549,-0.098749265,-0.410637289,0.775336027,-0.528905511,0.034075193,-0.069208965,0.532366276,0.587738991,0.388741970,0.619501114,-0.384200275,0.157287568,-0.743455827,-0.219224155,0.664410412,0.325677305
-0.051730961,0.014363358,0.721202493,-0.003535313,0.004555015,-0.652065098,0.758141160,-0.329285264,0.113695577,-0.043103673,0.824504197,-0.434485883,-0.096862152,-0.175100639,-0.098958366,-0.417353928,0.751878619,-0.517904878,0.041976921,-0.072386064,0.510161400,0.559076369,0.345476836,0.675499797,-0.407287180,0.137746394,-0.681267142,-0.206971765,0.707138002,0.344915301
-0.049771369,0.014790423,0.724875867,-0.002719450,0.004468408,-0.649674296,0.760194659,-0.323826432,0.104621217,-0.051806659,0.805146217,-0.412947476,-0.092387229,-0.161354914,-0.098821133,-0.424875557,0.717525125,-0.499461204,0.050066441,-0.074140251,0.487367809,0.528830945,0.298949391,0.728855014,-0.428510308,0.120613582,-0.616716087,-0.191743612,0.756707191,0.367519438
-0.047526911,0.015057879,0.729220927,-0.001445236,0.004621756,-0.647189915,0.762313366,-0.317023486,0.094619207,-0.060344927,0.781097949,-0.387653768,-0.088525757,-0.146206737,-0.098510727,-0.432799697,0.677723467,-0.477296025,0.058249902,-0.075183026,0.464279652,0.497793913,0.250790536,0.780888736,-0.448801726,0.104684785,-0.550983548,-0.175027505,0.809697390,0.391806722
-0.044628605,0.015550150,0.734887362,0.001339737,0.005476388,-0.645219982,0.763975978,-0.311588526,0.082308397,-0.068237670,0.753902018,-0.349120140,-0.085572541,-0.130219236,-0.097567409,-0.438715279,0.625189841,-0.444422692,0.066147022,-0.072918870,0.445371211,0.466052890,0.203529969,0.822890759,-0.462325335,0.087925486,-0.489580184,-0.152009428,0.871224105,0.417698056
-0.041642994,0.016105305,0.740628898,0.004340576,0.006503906,-0.643106520,0.765736699,-0.307985872,0.069790825,-0.082170829,0.727225304,-0.307002813,-0.087502830,-0.113146737,-0.095921099,-0.445109606,0.568505943,-0.409515917,0.073895060,-0.069165111,0.427972049,0.435894340,0.156722769,0.860478282,-0.473247021,0.071291097,-0.432408184,-0.124953486,0.932288885,0.445102990
-0.038482912,0.016786197,0.746520400,0.007772934,0.007877167,-0.640712738,0.767700911,-0.308047831,0.056860387,-0.108183734,0.701588213,-0.257720500,-0.099199727,-0.093905173,-0.092868924,-0.452461004,0.503524661,-0.370544165,0.081344560,-0.062432438,0.413592249,0.408902347,0.110824719,0.889234781,-0.478964567,0.054907374,-0.383701563,-0.089823470,0.992426753,0.475533664
-0.035188600,0.017247401,0.752179503,0.010995159,0.009727333,-0.638234556,0.769702017,-0.308877259,0.051994488,-0.133882776,0.674700379,-0.213888109,-0.119640686,-0.070834026,-0.086155251,-0.459330916,0.428509235,-0.325781524,0.088701233,-0.054231301,0.403574765,0.384881139,0.070177041,0.909375548,-0.476191401,0.037397075,-0.344106048,-0.042554308,1.043190837,0.493142784
-0.031827245,0.017598744,0.757722199,0.014112053,0.011815765,-0.635706127,0.771711767,-0.310090423,0.051161110,-0.159424230,0.647187769,-0.172781900,-0.144453287,-0.045848601,-0.077610932,-0.465959877,0.348478526,-0.278124452,0.096011311,-0.045296118,0.395738840,0.362346023,0.032155670,0.925207675,-0.469172835,0.019323919,-0.309067219,0.010783413,1.089266539,0.504340470
-0.028654482,0.017807895,0.762223482,0.015928563,0.014351444,-0.632786036,0.774029851,-0.314631939,0.067136623,-0.174035341,0.625975013,-0.152966201,-0.158846498,-0.006401210,-0.058032833,-0.474559605,0.236506328,-0.214413017,0.102293253,-0.033730656,0.394149482,0.345083892,0.006694430,0.929799080,-0.456127644,0.002443171,-0.289954841,0.080870897,1.107510090,0.479421258
-0.025549984,0.017897900,0.766315103,0.017217755,0.016912974,-0.629485250,0.776637614,-0.320649326,0.087359928,-0.187394425,0.608238459,-0.137058884,-0.168806762,0.024622928,-0.042116806,-0.483493507,0.148151472,-0.163952351,0.108879983,-0.021716183,0.394175261,0.328848302,-0.011109477,0.932135344,-0.443812490,-0.014554538,-0.275412619,0.147104010,1.117034078,0.453565150
-0.022581808,0.017749619,0.769587398,0.017452646,0.019526534,-0.625433683,0.779837787,-0.329618812,0.116079994,-0.198250413,0.597453058,-0.128967196,-0.169901878,0.038802739,-0.033523813,-0.493096232,0.107025012,-0.139989674,0.116076671,-0.008802951,0.397431254,0.314664721,-0.013600045,0.929961383,-0.432956576,-0.031787243,-0.270009667,0.205632702,1.109120131,0.425833732
-0.019145435,0.017227225,0.771812439,0.016614493,0.021696446,-0.620827675,0.783470690,-0.338063478,0.147872478,-0.213563412,0.589365959,-0.121826187,-0.171246871,0.045832112,-0.029852469,-0.504416466,0.092602432,-0.132214874,0.124469504,0.004190304,0.403548211,0.301378071,-0.000389565,0.926073551,-0.422560215,-0.051649548,-0.273091286,0.253226727,1.092828512,0.401584655
-0.015475073,0.016517784,0.773513794,0.015239430,0.023643870,-0.615928710,0.787299573,-0.346245438,0.181200147,-0.231104463,0.582628191,-0.115160748,-0.172716767,0.049286008,-0.028642088,-0.516595244,0.091532342,-0.132534295,0.133460149,0.017223159,0.411095500,0.288540363,0.020671070,0.921328783,-0.412394017,-0.072826028,-0.280415118,0.295351863,1.072348237,0.379077584
-0.010944453,0.015216278,0.773876548,0.012640933,0.024469346,-0.610756874,0.791339040,-0.350165606,0.213044554,-0.251796126,0.576658964,-0.109020479,-0.171688184,0.057842914,-0.027812243,-0.529774070,0.090939015,-0.135284483,0.143816561,0.030330760,0.422171175,0.278061390,0.057334207,0.913385093,-0.406630337,-0.099238485,-0.299822956,0.331391782,1.050547123,0.355858743
-0.005964283,0.013619010,0.773920596,0.009776011,0.024849225,-0.605610967,0.795312762,-0.352719337,0.243567139,-0.272331357,0.571710825,-0.102899991,-0.168822080,0.068197057,-0.027584635,-0.542596102,0.090419680,-0.137927353,0.155053124,0.043438707,0.435063094,0.268124938,0.095626220,0.902684212,-0.401107490,-0.125191122,-0.324913830,0.366217285,1.026985168,0.330931604
-0.000085126,0.011430278,0.773327172,0.006379090,0.024339136,-0.600547194,0.799193382,-0.352540493,0.271445781,-0.292553365,0.568804622,-0.096819147,-0.162281185,0.082145303,-0.028561458,-0.554704368,0.090048291,-0.140355483,0.168049708,0.056547187,0.451587081,0.259273499,0.137175009,0.886469364,-0.396066189,-0.150223657,-0.361369759,0.398613811,0.999901414,0.302588105
0.006885340,0.008941606,0.771835804,0.002866616,0.022912150,-0.595121264,0.803304195,-0.350040942,0.294948876,-0.313303828,0.567131996,-0.087658510,-0.152105004,0.099121533,-0.031839985,-0.566589653,0.090050817,-0.143761456,0.183384389,0.068866499,0.470460385,0.254750043,0.174218446,0.865277410,-0.390985131,-0.176313177,-0.407505810,0.426929891,0.972444892,0.270338863
0.014401212,0.006303049,0.769895673,-0.000703532,0.021025971,-0.589492440,0.807499945,-0.346381217,0.316263586,-0.334317893,0.566076279,-0.076958358,-0.140111610,0.117611140,-0.036269199,-0.578363121,0.090240300,-0.147656202,0.199887604,0.080790855,0.490507662,0.252390593,0.209008127,0.841597915,-0.385884374,-0.202930316,-0.458480179,0.453204960,0.944802821,0.236137837
0.023613472,0.003658127,0.765779197,-0.003638725,0.018168924,-0.582709491,0.812469363,-0.339638412,0.328271866,-0.359193176,0.563355148,-0.059660465,-0.140277594,0.139250815,-0.045153596,-0.591107011,0.091173694,-0.150041819,0.219003797,0.090153486,0.513198793,0.257659614,0.231408626,0.811317086,-0.372831076,-0.225263193,-0.525072634,0.467831552,0.906833291,0.205802515
0.033152021,0.001352795,0.760587037,-0.005928358,0.015318045,-0.575246572,0.817815185,-0.332199872,0.335887969,-0.384241551,0.557424724,-0.043801546,-0.155622080,0.157966912,-0.057921119,-0.604668558,0.100571871,-0.154011756,0.237926692,0.098082170,0.534031749,0.267154008,0.249226332,0.781950474,-0.358404875,-0.223911181,-0.613259792,0.461308837,0.841291666,0.184939325
0.043342650,-0.000273261,0.753243804,-0.006926771,0.012481122,-0.566462100,0.823964238,-0.323370188,0.334719539,-0.409634799,0.545076191,-0.030821286,-0.201321825,0.170835093,-0.078453988,-0.619864702,0.126898602,-0.161150068,0.256462008,0.103142641,0.551147282,0.285098255,0.257877886,0.754413784,-0.341233671,-0.175191015,-0.744630575,0.412489235,0.720611036,0.183020845
0.053681150,-0.000696962,0.743030965,-0.006267058,0.009970115,-0.556760848,0.830589473,-0.321386516,0.324332744,-0.416108638,0.539610386,-0.055261068,-0.264579415,0.130581304,-0.143277064,-0.626146793,0.297875285,-0.234300733,0.274640739,0.105972171,0.564632833,0.309152663,0.258427680,0.726755142,-0.321855485,-0.131551102,-0.872934282,0.349592626,0.620634198,0.197388887
0.064093329,-0.000519455,0.731383502,-0.004777744,0.007621394,-0.546551764,0.837377012,-0.322826028,0.309336841,-0.413122326,0.537586212,-0.098410837,-0.336614549,0.063766710,-0.230244294,-0.627971590,0.541174829,-0.340456754,0.292640656,0.107686102,0.576303065,0.336261690,0.254926473,0.699036241,-0.301374286,-0.090452507,-0.999701262,0.279658854,0.531012118,0.219900101
0.073805459,0.001798469,0.716128469,-0.001213411,0.005756640,-0.535360336,0.844603360,-0.372776687,0.273442566,-0.397974372,0.623999357,-0.198691487,-0.361548543,0.016104810,-0.303416491,-0.610389769,0.725627780,-0.387912095,0.310004830,0.107610330,0.577198625,0.368011296,0.245553344,0.672879338,-0.285399914,-0.036167584,-1.131501436,0.182942778,0.474133223,0.267520517
0.082827717,0.004133881,0.700809896,0.002289339,0.004036298,-0.524782896,0.851223469,-0.426084161,0.237148762,-0.388761759,0.720821857,-0.288198411,-0.381309658,-0.027026182,-0.369825482,-0.588987529,0.893706620,-0.426469743,0.327254951,0.107088014,0.575404882,0.399298668,0.235220283,0.649678469,-0.269150496,0.012113160,-1.256445169,0.088206515,0.434936345,0.317950815
0.090470932,0.006504445,0.685362697,0.005668407,0.002606249,-0.515560865,0.856830120,-0.486109257,0.200053081,-0.391419113,0.838470638,-0.356164753,-0.390726447,-0.061098639,-0.422713250,-0.559942663,1.029049754,-0.447234809,0.344278246,0.105672568,0.568232596,0.429663777,0.222966552,0.632387817,-0.252349764,0.048389215,-1.367685199,-0.002577392,0.431100428,0.374004811
0.096823394,0.007637505,0.671878815,0.007561828,0.000930957,-0.509393692,0.860499859,-0.531719029,0.171740443,-0.394409388,0.939502478,-0.408159852,-0.394862056,-0.083287552,-0.459941357,-0.531462491,1.128180027,-0.464476168,0.358632505,0.107315905,0.555387259,0.455015123,0.210800022,0.626436770,-0.231104493,0.052874632,-1.454497576,-0.062215012,0.448829055,0.421487212
0.102530360,0.008151825,0.659376800,0.008712426,-0.000866800,-0.504762411,0.863213956,-0.570120394,0.147819772,-0.397566080,1.032223821,-0.452168494,-0.396357119,-0.099534489,-0.489339143,-0.503265440,1.209202766,-0.479955375,0.371651918,0.110488504,0.539705932,0.477859080,0.198677391,0.626155257,-0.207637653,0.041465614,-1.529095054,-0.106278963,0.477338850,0.464682877
0.107010670,0.007588355,0.651535094,0.007513069,-0.002679628,-0.505489528,0.862795830,-0.584942520,0.139932841,-0.394726753,1.089867115,-0.481634021,-0.395579100,-0.102162838,-0.503708839,-0.486925632,1.243612528,-0.497394741,0.373093009,0.116154179,0.517948985,0.483852267,0.193003342,0.641479254,-0.181441799,0.007085282,-1.552831888,-0.117421113,0.498475254,0.479286641
0.111018136,0.006822205,0.645220995,0.006055657,-0.004329171,-0.507519722,0.861608028,-0.594301641,0.136024371,-0.389842331,1.137248278,-0.507397354,-0.394114435,-0.103370465,-0.515043437,-0.473166555,1.268074751,-0.513942122,0.371353924,0.121347196,0.493792206,0.485130966,0.189360529,0.661841631,-0.159372032,-0.022943038,-1.564049721,-0.125094205,0.514864028,0.483295530
0.114079773,0.005650749,0.641962290,0.004082166,-0.005651985,-0.512148499,0.858868778,-0.592734516,0.140072778,-0.380868196,1.164103627,-0.525755286,-0.391276419,-0.101736642,-0.520307660,-0.464569420,1.272641182,-0.528704762,0.363254756,0.125594661,0.464836955,0.476980925,0.189780205,0.692279637,-0.145555288,-0.044266079,-1.550229788,-0.125829011,0.521757066,0.466115266
0.116246477,0.004436339,0.641620874,0.002413615,-0.006760976,-0.518793106,0.854869604,-0.582617521,0.149135679,-0.367801487,1.172806501,-0.535539925,-0.387140989,-0.101343594,-0.521318138,-0.454743564,1.265241861,-0.534486234,0.354817927,0.127703756,0.437441707,0.457142889,0.194333255,0.725869536,-0.139107361,-0.052551202,-1.508840799,-0.121847168,0.522876322,0.425663888
0.117965646,0.003200482,0.642738163,0.000897479,-0.007762611,-0.526415467,0.850191534,-0.568225741,0.160705686,-0.352688819,1.172432542,-0.541037500,-0.382356882,-0.101570956,-0.520201683,-0.444303572,1.251859784,-0.535776854,0.346212476,0.128743544,0.410827190,0.431461185,0.200952947,0.761034608,-0.136344120,-0.054316942,-1.453668118,-0.115507014,0.521108568,0.373577625
0.118584387,0.002250465,0.647644579,0.000499953,-0.008679606,-0.537005365,0.843534052,-0.544149518,0.175893515,-0.327001005,1.148106813,-0.533893287,-0.374779552,-0.106194697,-0.514007390,-0.431217790,1.225653410,-0.525930762,0.337578654,0.124638081,0.385357141,0.398709834,0.208060831,0.803222060,-0.151894093,-0.042648725,-1.373222113,-0.099348158,0.517601669,0.309138656
0.118895553,0.001440282,0.653623164,0.000406077,-0.009569104,-0.548286021,0.836236060,-0.516717136,0.191676006,-0.298558861,1.116328835,-0.522420943,-0.367088139,-0.111019999,-0.506399214,-0.417256117,1.194490433,-0.512035310,0.330063581,0.118206434,0.359998673,0.365849137,0.212850451,0.847510457,-0.173446655,-0.033940863,-1.286323428,-0.075225204,0.518117070,0.243203536
0.118591584,0.000909711,0.661746383,0.000919545,-0.010404390,-0.561003268,0.827747703,-0.482570767,0.208648860,-0.264606267,1.069644451,-0.502291679,-0.359168172,-0.116248727,-0.495962739,-0.401541591,1.153412342,-0.490040451,0.324785531,0.107122108,0.334861636,0.332767606,0.213003963,0.896003544,-0.207005575,-0.031153079,-1.186514258,-0.035172753,0.526676893,0.174271911
0.117346339,0.000331136,0.671396375,0.001618275,-0.011211406,-0.574162662,0.818663061,-0.441347659,0.225608602,-0.228334889,1.009540796,-0.473447084,-0.352508366,-0.118517801,-0.482620001,-0.387389958,1.102754354,-0.461950302,0.321322262,0.091598772,0.309553385,0.303266913,0.206227869,0.944937229,-0.247693300,-0.037111055,-1.080754399,0.015821898,0.552982450,0.112291813
0.115630485,-0.000271423,0.681809545,0.002409296,-0.012002531,-0.587457478,0.809162498,-0.396587372,0.242561266,-0.190905273,0.942729414,-0.440245688,-0.346478850,-0.119306959,-0.467824608,-0.374020219,1.047307968,-0.430813372,0.318766475,0.073856413,0.284160346,0.275557548,0.195987195,0.994089544,-0.291944146,-0.047441751,-0.972022653,0.072286062,0.588160098,0.053789455
0.112694219,-0.000982943,0.693841934,0.003148126,-0.012454165,-0.601335704,0.798893213,-0.342758358,0.258401275,-0.149349675,0.857279420,-0.391173482,-0.340220809,-0.114927903,-0.447029710,-0.362976551,0.977725923,-0.392175198,0.317842007,0.049503092,0.259188205,0.256284535,0.172414958,1.037134647,-0.337092578,-0.060718626,-0.859683275,0.127394751,0.651686966,0.014411289
0.109425001,-0.001760325,0.705944061,0.003937528,-0.012616083,-0.615348518,0.788144469,-0.285900056,0.272883624,-0.108004190,0.765538871,-0.337644398,-0.335387915,-0.108639188,-0.424718589,-0.351949185,0.903516114,-0.351863027,0.317457259,0.023747580,0.235815525,0.240147337,0.144447833,1.072106123,-0.375235409,-0.070804924,-0.749566436,0.177688628,0.719976127,-0.021152388
0.105489969,-0.002669416,0.718185425,0.004828645,-0.012201915,-0.629788160,0.776656151,-0.222984284,0.284650594,-0.067079566,0.661219239,-0.275202870,-0.333405286,-0.098531485,-0.399375468,-0.340954661,0.820052385,-0.308203638,0.318151891,-0.004811713,0.215641975,0.230281651,0.107691944,1.090930700,-0.399367094,-0.074510090,-0.643896103,0.218352616,0.797787845,-0.049087364
0.100875579,-0.003424322,0.729721665,0.006345894,-0.010702783,-0.644840240,0.764216125,-0.157051921,0.293712288,-0.025433011,0.547820866,-0.201763675,-0.331837922,-0.087599523,-0.372265279,-0.328238368,0.729108095,-0.263228714,0.317065418,-0.033286963,0.199133232,0.228680283,0.066773266,1.090708375,-0.408394992,-0.068070903,-0.547900796,0.247099936,0.871473789,-0.067324199
0.095921665,-0.004102114,0.740905046,0.008174435,-0.008659065,-0.660048366,0.751128793,-0.089613438,0.301421165,0.016573159,0.429886907,-0.122828215,-0.330478221,-0.076255798,-0.344272435,-0.314661622,0.634426534,-0.217597499,0.315088540,-0.061719287,0.184457332,0.231210917,0.023774605,1.080963135,-0.409871042,-0.056560006,-0.456745863,0.269888312,0.943094671,-0.080711626
0.090114877,-0.004238712,0.750290632,0.010945421,-0.005126916,-0.675345957,0.737402081,-0.023386482,0.304863721,0.052774884,0.308227181,-0.025187911,-0.327237606,-0.060054466,-0.314296126,-0.300718665,0.523654461,-0.168949902,0.306195498,-0.087363981,0.172113061,0.247656405,-0.013010412,1.054592133,-0.397384107,-0.027099807,-0.387436211,0.280323386,0.992674351,-0.072611213
0.084253438,-0.004114607,0.758736730,0.013849963,-0.001332525,-0.689821482,0.723845840,0.034072302,0.307822585,0.086710252,0.200395569,0.062537387,-0.320308745,-0.037723061,-0.283369064,-0.287978202,0.400338769,-0.115677357,0.296297252,-0.111944459,0.158634514,0.268836856,-0.048667077,1.028566599,-0.384145916,0.007611858,-0.327047050,0.291752607,1.033769131,-0.058018554
0.078283012,-0.003469121,0.765303075,0.017025756,0.002982158,-0.702979803,0.710999787,0.073992386,0.309813887,0.116111323,0.120224848,0.130428821,-0.306003839,-0.003133027,-0.250542045,-0.277643383,0.251942813,-0.053157955,0.284389198,-0.134395361,0.142888129,0.299485862,-0.082065292,1.003233314,-0.369406044,0.052824356,-0.284501433,0.305169374,1.057892680,-0.030442553
0.072565384,-0.002442715,0.769191742,0.020182902,0.007272839,-0.714458585,0.699348807,0.085125938,0.311796039,0.143653333,0.092346773,0.142082006,-0.281607151,0.009809887,-0.226573691,-0.259340197,0.157985166,-0.023443680,0.274433136,-0.156298369,0.122195661,0.331706136,-0.112425014,0.986842036,-0.348772883,0.102911174,-0.260865510,0.326712251,1.068047047,-0.002461271
0.066974305,-0.001225869,0.771741211,0.023328133,0.011549953,-0.725025833,0.688229620,0.081865489,0.313773543,0.170265108,0.090616547,0.125614896,-0.252165079,0.011928569,-0.207035393,-0.237053201,0.091249920,-0.010133246,0.265453368,-0.177926853,0.099030606,0.364711255,-0.141264662,0.974922419,-0.325193465,0.155433953,-0.246685311,0.352317780,1.071216106,0.025721943
0.061950319,0.000656650,0.771668553,0.026175607,0.015112227,-0.734085441,0.678384066,0.072341956,0.309743643,0.190158769,0.089739919,0.081721321,-0.243241936,-0.011176200,-0.197278202,-0.210411951,0.090619653,-0.019103847,0.258505285,-0.196962118,0.068302214,0.404291362,-0.171809092,0.973215222,-0.307312429,0.200479940,-0.245462328,0.389910191,1.073242545,0.042153686
0.057166062,0.002632582,0.770772517,0.028887514,0.018406522,-0.742725432,0.668719411,0.062418513,0.302766979,0.207021475,0.089268789,0.043857854,-0.238567755,-0.033439208,-0.188074991,-0.184644133,0.090624899,-0.027603852,0.251911461,-0.214754552,0.036030810,0.443679899,-0.199903101,0.971692324,-0.291251749,0.244015872,-0.247659341,0.424215972,1.072555542,0.055448283
0.052860960,0.004795463,0.768229485,0.031333897,0.021167930,-0.750691116,0.659570336,0.051694628,0.289896548,0.217823386,0.089608602,0.018052034,-0.242391080,-0.054020125,-0.179979146,-0.160621524,0.091901124,-0.035163209,0.246025741,-0.230062455,0.000671377,0.482687801,-0.223098114,0.970537841,-0.278830677,0.284534514,-0.256696343,0.451950669,1.066442013,0.062469505
0.048691522,0.007180107,0.764125228,0.033121854,0.023279376,-0.757806540,0.651222289,0.043607716,0.273405731,0.225971356,0.091813207,0.006163881,-0.243120372,-0.098333806,-0.175095081,-0.133334354,0.152319402,-0.070096686,0.240641594,-0.242576420,-0.030526677,0.524257660,-0.236879230,0.959227562,-0.271027923,0.326603532,-0.274403155,0.465579629,1.046402693,0.071499661
0.044590134,0.009675509,0.759240687,0.034579013,0.025064621,-0.764464796,0.643249333,0.036839683,0.255105585,0.232791945,0.094950080,0.001235080,-0.242302626,-0.154511467,-0.171817139,-0.104416318,0.242305279,-0.118715271,0.235508516,-0.253692746,-0.059642483,0.567106366,-0.245952725,0.942839921,-0.265534729,0.369445562,-0.296443939,0.472155035,1.019401431,0.081533827
0.040875591,0.011913786,0.751881182,0.034673370,0.026127629,-0.769702435,0.636924803,-0.038771804,0.254290968,0.221041307,0.262880921,-0.081374340,-0.229916960,-0.227140188,-0.166697651,-0.074561343,0.381291538,-0.187731281,0.231635273,-0.261668801,-0.096218213,0.599322259,-0.248214066,0.924482226,-0.257733434,0.411588490,-0.321009696,0.458634734,0.976992607,0.096346021
0.037323941,0.013971966,0.743971348,0.034220628,0.027038693,-0.774584413,0.630965114,-0.105664402,0.256005079,0.215252727,0.417591244,-0.157533750,-0.211348996,-0.293093234,-0.159933403,-0.047100130,0.509834588,-0.250827670,0.227810949,-0.268487096,-0.133734718,0.628754854,-0.248622864,0.904209435,-0.250163645,0.452458143,-0.344158292,0.439184219,0.932751954,0.111881614
0.034098241,0.015669864,0.734961390,0.032676607,0.027647940,-0.778817773,0.625788152,-0.155116335,0.262776375,0.221388161,0.545853376,-0.220789671,-0.180417821,-0.345691949,-0.149880081,-0.024427708,0.617485285,-0.302082062,0.224084646,-0.272989601,-0.173130825,0.652619600,-0.245326743,0.880107760,-0.243057191,0.490779281,-0.364471495,0.407874703,0.884850204,0.128863186
0.031456947,0.016911238,0.725329518,0.030475132,0.028285094,-0.782593846,0.621142745,-0.191689193,0.278059393,0.232314661,0.651308417,-0.283240438,-0.157113910,-0.389809847,-0.139306977,-0.007260795,0.712197542,-0.348016381,0.221715450,-0.276159704,-0.213381141,0.671750367,-0.241152942,0.853841543,-0.235018820,0.521342754,-0.380042791,0.372738004,0.841707349,0.145669878
0.029107939,0.017924311,0.715386868,0.027944520,0.028935706,-0.786128104,0.616753161,-0.221821383,0.297597975,0.245636478,0.745356977,-0.345286995,-0.137624338,-0.429686099,-0.128474221,0.007152840,0.800438046,-0.391289443,0.220024928,-0.278663546,-0.254057556,0.688513637,-0.236540422,0.826493740,-0.226514652,0.548026443,-0.393242657,0.335688591,0.800945163,0.162388712
0.027298136,0.018441709,0.705598772,0.024948893,0.029737338,-0.788074613,0.614354551,-0.244854838,0.323945284,0.249426246,0.821048021,-0.403457701,-0.137636155,-0.457795680,-0.120221376,0.010586581,0.870223284,-0.429543525,0.218895003,-0.279125482,-0.293323159,0.697790921,-0.239785701,0.795182705,-0.215966940,0.564540029,-0.398628533,0.295635998,0.770579815,0.177543521
0.025756544,0.018880099,0.696375668,0.021994006,0.030619321,-0.789263725,0.612895966,-0.266495079,0.348561883,0.251220703,0.890053034,-0.456962824,-0.139113829,-0.482317984,-0.113590285,0.010968188,0.933400452,-0.464987278,0.218041882,-0.279173762,-0.330469608,0.704037130,-0.243986338,0.762887299,-0.203563154,0.575713515,-0.401597023,0.257208258,0.746732354,0.192274332
0.024751268,0.019160504,0.688282013,0.019121073,0.031662803,-0.788958073,0.613332808,-0.285350382,0.369718760,0.249024689,0.945690453,-0.501140296,-0.143523291,-0.499667287,-0.110202238,0.005245630,0.983365715,-0.494812667,0.217742249,-0.278394729,-0.363380134,0.704221547,-0.250097960,0.728621125,-0.187446475,0.576207697,-0.399730951,0.222027764,0.735918760,0.206158087
0.024189059,0.019573119,0.682015300,0.016321460,0.032996420,-0.787248552,0.615535915,-0.302946478,0.385762900,0.240375817,0.988309503,-0.530705631,-0.150128096,-0.510813653,-0.109351709,-0.005314963,1.020880461,-0.516265571,0.217824876,-0.276746243,-0.395793557,0.694356799,-0.263366729,0.702032804,-0.173786044,0.566458941,-0.391380310,0.190873682,0.739140153,0.212635159
0.023848405,0.020051828,0.676662207,0.013558328,0.034474485,-0.784823418,0.618611395,-0.319912404,0.399250150,0.228500769,1.024417996,-0.552963972,-0.157830372,-0.518858194,-0.109770000,-0.018294252,1.052168608,-0.533531547,0.218098596,-0.274663061,-0.427957356,0.679467559,-0.280213684,0.679284215,-0.161354125,0.551589012,-0.379787594,0.161733806,0.749378920,0.215408653
0.025525201,0.020386430,0.674714088,0.010744123,0.035533536,-0.781173706,0.623209178,-0.330696702,0.403474152,0.217465848,1.040615320,-0.560961723,-0.165885717,-0.515148520,-0.115957454,-0.035123412,1.059883595,-0.538820922,0.220571637,-0.271136761,-0.452333003,0.642110527,-0.295182824,0.675166607,-0.155041739,0.519914269,-0.362168133,0.142072991,0.779374361,0.214165568
0.027552575,0.020706227,0.673993111,0.008001840,0.036343854,-0.777449489,0.627843499,-0.338247567,0.405087560,0.208061174,1.049210072,-0.564875007,-0.174202263,-0.508172810,-0.122908846,-0.052224733,1.060577393,-0.539537668,0.222934574,-0.266884744,-0.470703870,0.600942135,-0.308618188,0.676408648,-0.152441844,0.484931499,-0.345777482,0.126238376,0.810931027,0.214296699
0.030281145,0.020996433,0.675726414,0.005403890,0.036658246,-0.773609996,0.632577538,-0.339332044,0.401480138,0.201916650,1.042600393,-0.560619712,-0.183041587,-0.494664967,-0.131388217,-0.069870949,1.047228813,-0.531109333,0.225077301,-0.261181116,-0.477065861,0.552149951,-0.318986505,0.688369632,-0.157266855,0.443331838,-0.331843972,0.118055463,0.845611036,0.217176378
0.033641186,0.021452988,0.679623783,0.002973549,0.036468629,-0.769666791,0.637396336,-0.334603667,0.393687963,0.199061960,1.022778273,-0.549374938,-0.190780073,-0.475049049,-0.140442878,-0.087947279,1.020066142,-0.514323533,0.227036059,-0.254417092,-0.471281886,0.503176451,-0.329532892,0.710505486,-0.167490333,0.399262965,-0.320763588,0.117040515,0.876948714,0.224224389
0.037316997,0.021992721,0.684603155,0.000626965,0.036026176,-0.765654087,0.642242670,-0.326968849,0.383803427,0.197852090,0.996349514,-0.534635425,-0.197968230,-0.452378839,-0.149785280,-0.106238887,0.985996425,-0.493358791,0.228902847,-0.247122765,-0.459424973,0.454111665,-0.340168446,0.737728775,-0.180413157,0.353959024,-0.311109602,0.119609438,0.906615734,0.233356565
0.041901965,0.022231851,0.692527413,-0.001224159,0.034954451,-0.761399746,0.647338450,-0.309488893,0.367718756,0.201017410,0.948518693,-0.509688675,-0.201334447,-0.418606788,-0.159102559,-0.125836655,0.927884459,-0.461132169,0.231421277,-0.238988325,-0.438481987,0.405415595,-0.355572343,0.787476897,-0.194712147,0.308704019,-0.304141641,0.127104461,0.926777601,0.244305074
0.046720650,0.022387490,0.701173723,-0.002881713,0.033785228,-0.756885767,0.652667046,-0.289242595,0.349785596,0.204278678,0.893744648,-0.481144458,-0.203014582,-0.381025136,-0.167828798,-0.146551371,0.861494243,-0.424459994,0.233715773,-0.230669782,-0.414291948,0.360141754,-0.370189399,0.840741158,-0.208356664,0.265264094,-0.298075944,0.134022996,0.942669392,0.255443394
0.052006755,0.022376152,0.711263895,-0.004152089,0.032422472,-0.751882493,0.658486426,-0.263463914,0.328155488,0.207731605,0.825084686,-0.445405394,-0.201322630,-0.335824460,-0.175373003,-0.169499964,0.778548062,-0.378897101,0.235562369,-0.221983016,-0.383608162,0.321712613,-0.383232415,0.901036620,-0.220692128,0.225454330,-0.293814659,0.139788300,0.950021148,0.266961306
0.057462420,0.022276493,0.722116232,-0.004809528,0.031376693,-0.746676087,0.664429903,-0.232620984,0.304413825,0.210446924,0.741963029,-0.401494026,-0.196623370,-0.285299242,-0.179968953,-0.194054365,0.681469321,-0.321264029,0.235544741,-0.213639617,-0.348858267,0.291370511,-0.384074271,0.958397627,-0.227536708,0.190946326,-0.291771531,0.142228171,0.948107600,0.273449540
0.063002862,0.022132674,0.733349741,-0.005160297,0.030488404,-0.741343498,0.670412958,-0.199245870,0.279616356,0.212793410,0.651610136,-0.353496462,-0.190420449,-0.232111797,-0.183090732,-0.219411522,0.577324390,-0.257595658,0.234594956,-0.205467835,-0.312075198,0.265071899,-0.378814667,1.014291048,-0.231635794,0.159089252,-0.290837526,0.143005326,0.941561341,0.277422696
0.068252265,0.021937255,0.743970037,-0.004315766,0.030482817,-0.736556530,0.675674915,-0.158238232,0.254069746,0.215113476,0.540056944,-0.296077788,-0.181930974,-0.178653806,-0.180954203,-0.241364688,0.464895427,-0.177204072,0.228820384,-0.196290553,-0.269496918,0.247098818,-0.333343774,1.052344918,-0.229481936,0.133479863,-0.293680012,0.139876932,0.926342666,0.266021401
0.073390663,0.021924498,0.754081845,-0.003131020,0.030746937,-0.732265651,0.680317461,-0.110794716,0.227602094,0.218870014,0.413074046,-0.230489999,-0.173118412,-0.128993377,-0.177674472,-0.262375295,0.356492907,-0.097052015,0.215689600,-0.186139137,-0.223849535,0.232637465,-0.277248859,1.077469587,-0.229877010,0.109762512,-0.298443377,0.137501210,0.908555031,0.249885410
0.078306638,0.022277035,0.763175726,-0.001266314,0.031552467,-0.729017019,0.683766901,-0.050484024,0.199294537,0.225498945,0.255243719,-0.148570180,-0.163660333,-0.086931296,-0.172108710,-0.281499326,0.256150961,-0.017385129,0.187848553,-0.174040377,-0.172067955,0.225200236,-0.199911892,1.076736450,-0.235369474,0.089830793,-0.307047814,0.136630878,0.885631084,0.224281996
0.083066016,0.023134697,0.770279527,0.000905917,0.032648969,-0.726082802,0.686831236,-0.018027972,0.178316861,0.225539118,0.157635197,-0.097597748,-0.155652598,-0.054245174,-0.163767621,-0.304049730,0.174594596,0.034468960,0.155036822,-0.160498753,-0.116878152,0.224186510,-0.129820794,1.052589059,-0.248198330,0.075254507,-0.320177794,0.136574462,0.856579185,0.199456483
0.087746903,0.024244878,0.776388049,0.003231784,0.033890560,-0.723298490,0.689695895,0.000500057,0.161004737,0.222285017,0.090140156,-0.062100362,-0.148370311,-0.026248099,-0.154039234,-0.328312427,0.102433778,0.072415203,0.119741105,-0.146236286,-0.059986409,0.226384461,-0.063355178,1.016736150,-0.264694721,0.063356392,-0.335569948,0.136924982,0.824464381,0.175020844
0.091365814,0.025580570,0.779878795,0.004913134,0.034805834,-0.719900608,0.693186402,-0.008996448,0.153447658,0.211884916,0.088962488,-0.060684424,-0.145079583,-0.023542564,-0.142119288,-0.334728301,0.096392184,0.057156950,0.124132693,-0.133012980,0.001019724,0.237471968,-0.018931648,0.958441138,-0.273723543,0.058686782,-0.356780231,0.137211278,0.787177682,0.150876373
0.094861612,0.026943641,0.782717586,0.006253109,0.035444662,-0.715908825,0.697265506,-0.018004606,0.146278843,0.199673042,0.088064045,-0.058911085,-0.142329648,-0.020331290,-0.127167016,-0.337902129,0.091990776,0.039185017,0.135023654,-0.120413288,0.060682572,0.251000702,0.018860340,0.899120450,-0.279785693,0.057266619,-0.379468858,0.135149449,0.749516666,0.127022132
0.098111130,0.028361440,0.784252703,0.006910352,0.035530902,-0.710735619,0.702527463,-0.026035937,0.139886662,0.183838323,0.087723993,-0.056423068,-0.140661210,-0.016108720,-0.106151067,-0.334592402,0.090869524,0.015786713,0.158911720,-0.109060988,0.117657609,0.269411087,0.043389630,0.837750375,-0.279914945,0.062344722,-0.405113280,0.128391936,0.711108029,0.103748873
0.100878954,0.029363506,0.784725308,0.006975044,0.034850426,-0.704359293,0.708953381,-0.032055788,0.133919060,0.164877832,0.087597236,-0.053610563,-0.139630154,-0.011378189,-0.082416482,-0.330569863,0.089766324,-0.010830923,0.180291548,-0.099218823,0.165767372,0.290703237,0.059999626,0.784661293,-0.277622640,0.074759305,-0.431828022,0.114036977,0.674300909,0.085029840
0.103405833,0.030157680,0.784666717,0.006743021,0.033784427,-0.697336733,0.715915263,-0.037069712,0.128163949,0.144355252,0.087577112,-0.050635930,-0.138917819,-0.006393868,-0.057323530,-0.326191068,0.088672169,-0.039057147,0.200416490,-0.090132065,0.209442794,0.313435405,0.072649494,0.735714436,-0.274119645,0.090841517,-0.459076852,0.095883995,0.638296008,0.068588547
0.105127513,0.030712310,0.783031166,0.006286442,0.031710759,-0.689321756,0.723733544,-0.040262945,0.122489616,0.121707737,0.087893918,-0.048701733,-0.137448087,-0.002381944,-0.035912104,-0.329936147,0.088141501,-0.061574161,0.194975108,-0.082242496,0.235798597,0.335387707,0.078611597,0.702186048,-0.268338144,0.111869574,-0.481696755,0.064809665,0.610405445,0.059457958
0.106835127,0.031342901,0.780852079,0.005945608,0.029442420,-0.681285083,0.731401742,-0.043461800,0.116353989,0.098362371,0.088421129,-0.048267223,-0.135436341,0.001838402,-0.018370572,-0.340180516,0.088037945,-0.081052840,0.172298074,-0.074566290,0.256529182,0.357240438,0.083466887,0.673242807,-0.264531285,0.132237047,-0.502222717,0.030286273,0.585310817,0.052415978
0.108514741,0.032125466,0.777585864,0.005837110,0.026789021,-0.673295856,0.738864660,-0.046672158,0.109295316,0.073619574,0.089369178,-0.050832048,-0.132340401,0.006475914,-0.008567496,-0.363424271,0.088788584,-0.094456360,0.115147918,-0.067316219,0.266010970,0.378895700,0.086108901,0.653467596,-0.264673322,0.151284873,-0.518562376,-0.011137859,0.565805912,0.049550686
0.109916344,0.033183083,0.773223817,0.006105390,0.024048362,-0.665572882,0.745920360,-0.057280980,0.102129370,0.051854018,0.106052399,-0.061933666,-0.129826248,0.012925511,-0.010476895,-0.392089188,0.090613022,-0.102855653,0.089792699,-0.060926601,0.264264673,0.399187863,0.086488277,0.639803052,-0.268783540,0.168050423,-0.531241298,-0.055275805,0.549672008,0.059311919
0.111178987,0.034378272,0.768313706,0.006561740,0.021262903,-0.657948852,0.752733886,-0.071589448,0.094909512,0.031576265,0.130603850,-0.077304102,-0.127602920,0.020281399,-0.018242605,-0.423465818,0.092974439,-0.108753160,0.080333985,-0.054966956,0.256904274,0.418799251,0.085736342,0.629193366,-0.274877965,0.183675453,-0.542090356,-0.100772344,0.535222888,0.075386785
0.112237155,0.035840888,0.762720108,0.007222320,0.019490447,-0.651612282,0.758267462,-0.134908378,0.088714585,0.013036091,0.261092424,-0.149635434,-0.127275720,-0.022173341,-0.048603218,-0.445568800,0.211090326,-0.171962097,0.083357036,-0.051667590,0.243516475,0.425660014,0.090959370,0.623634577,-0.283804595,0.185473025,-0.542909741,-0.136160672,0.533672869,0.109872118
0.113087147,0.037297018,0.757533312,0.007501359,0.017997077,-0.645788908,0.763266921,-0.187873408,0.083444178,-0.002927489,0.369733602,-0.209624380,-0.127697766,-0.059191618,-0.075503580,-0.465515822,0.315858483,-0.227953032,0.086452559,-0.048836958,0.227518916,0.431378663,0.095693894,0.623015225,-0.295138121,0.184371263,-0.540484846,-0.166213319,0.538837850,0.146745995
0.113520861,0.038740281,0.753160119,0.007018031,0.017063739,-0.641055703,0.767272472,-0.220134646,0.080022439,-0.013739097,0.434688330,-0.244933054,-0.129618332,-0.085339792,-0.095485501,-0.481152683,0.393939078,-0.269512236,0.089693256,-0.046943575,0.206300706,0.434813678,0.099451810,0.632274687,-0.311286181,0.177470714,-0.531571150,-0.185596868,0.557433128,0.188399792
0.113503478,0.039633542,0.750270128,0.005598586,0.015980896,-0.637492239,0.770270705,-0.238132000,0.079015344,-0.022030843,0.474940896,-0.266905814,-0.132786915,-0.096602201,-0.105934218,-0.493996829,0.438224733,-0.294639766,0.091433436,-0.045855157,0.184932113,0.434548378,0.100293510,0.650812507,-0.325325906,0.168142527,-0.515690565,-0.190635949,0.589969039,0.218203336
0.113260560,0.040251829,0.748121619,0.003711078,0.014823247,-0.634511352,0.772762537,-0.248997808,0.079215527,-0.029062796,0.502843201,-0.282211065,-0.136579514,-0.100422047,-0.111616597,-0.505444884,0.465613902,-0.311551958,0.092423402,-0.045169190,0.163488060,0.432433009,0.099677160,0.673989475,-0.338311672,0.157600433,-0.496326476,-0.188503057,0.629475534,0.242082283
0.112414397,0.039960392,0.747781098,0.001094404,0.013086911,-0.633360565,0.773745418,-0.245013386,0.082526535,-0.030471064,0.507785499,-0.285937905,-0.140498430,-0.091860645,-0.108717784,-0.512384832,0.465160728,-0.315964311,0.092334673,-0.044840887,0.145737112,0.426549375,0.093983203,0.705665588,-0.348226070,0.146492928,-0.478113294,-0.160359710,0.685061693,0.246982425
0.111585349,0.039422695,0.748049140,-0.001496128,0.011228142,-0.632780731,0.774248242,-0.236604124,0.086081028,-0.030048812,0.505070925,-0.285846770,-0.143901438,-0.079956360,-0.103714652,-0.517702222,0.455897123,-0.315614462,0.092461795,-0.044737432,0.130378067,0.418962330,0.088535875,0.738036335,-0.357588470,0.136492997,-0.459347308,-0.126205787,0.741118550,0.247530892
0.110790573,0.038392492,0.749534428,-0.004034291,0.009124717,-0.633350730,0.773800611,-0.219345599,0.090122357,-0.025965676,0.487043381,-0.278120041,-0.146272644,-0.061366677,-0.094503149,-0.519774675,0.429013282,-0.305740535,0.093020685,-0.045083676,0.119802892,0.407968521,0.083582073,0.771796048,-0.365847021,0.128708363,-0.439475626,-0.080031529,0.798115849,0.239376664
0.110220298,0.037067138,0.752053857,-0.006069257,0.006941447,-0.634978771,0.772474527,-0.193924606,0.093249753,-0.018600713,0.452483594,-0.261278749,-0.147019431,-0.036474098,-0.081842259,-0.517937720,0.383097023,-0.284538001,0.094462253,-0.045762412,0.114070982,0.393727303,0.082127422,0.803803980,-0.372188538,0.121933267,-0.418496519,-0.030195177,0.851314485,0.229785711
0.109762281,0.035594206,0.755090415,-0.007852538,0.004718204,-0.637129962,0.770701885,-0.164422244,0.095920123,-0.009594818,0.409657329,-0.239879891,-0.146953970,-0.008429820,-0.067456573,-0.514146030,0.327663869,-0.257670760,0.096345179,-0.046607412,0.110760756,0.377862334,0.082422443,0.834936023,-0.377571553,0.115662970,-0.396963775,0.021471962,0.902613521,0.219476536
0.109713122,0.033816900,0.758926034,-0.008584018,0.002463696,-0.640686512,0.767750621,-0.122522265,0.095385343,0.002491977,0.339498103,-0.202708974,-0.144527197,0.034260716,-0.046605200,-0.505187035,0.230579555,-0.206074595,0.099550292,-0.048076987,0.112968236,0.359150350,0.088676691,0.864379406,-0.381487012,0.111906171,-0.374777079,0.065109581,0.942574143,0.212010324
0.109958336,0.032111146,0.762750864,-0.008966940,0.000260658,-0.644589901,0.764475942,-0.073598109,0.093137451,0.015293036,0.252899289,-0.156087935,-0.141201675,0.069250487,-0.031224215,-0.494956315,0.151361316,-0.163542271,0.103484064,-0.049688473,0.116566524,0.339256167,0.096937902,0.892470717,-0.384496570,0.108549893,-0.352555126,0.103041939,0.978432298,0.204848513
0.110792205,0.030548610,0.766553760,-0.008652907,-0.001839151,-0.649197757,0.760568261,-0.010630419,0.087463751,0.029521536,0.133430451,-0.090571664,-0.136079058,0.088837236,-0.026784338,-0.482183069,0.107878506,-0.139139503,0.108874708,-0.051583633,0.122945964,0.316999227,0.109212123,0.917856097,-0.385694116,0.105994873,-0.330264300,0.129561752,1.006083608,0.198295981
0.111881122,0.029136099,0.770005345,-0.007837802,-0.003647701,-0.654133558,0.756329775,0.015625427,0.081148647,0.040739942,0.092093542,-0.067907549,-0.130453467,0.095695719,-0.029715609,-0.468080401,0.092344850,-0.129232854,0.114442632,-0.053809781,0.128391385,0.300228328,0.121078029,0.942262530,-0.387829721,0.107376382,-0.315377891,0.145241484,1.020419955,0.194607526
0.113097504,0.027798655,0.773281217,-0.006772006,-0.005310419,-0.659214973,0.751905322,0.023525050,0.074513100,0.050452929,0.089822657,-0.066669561,-0.124576591,0.096190035,-0.036332205,-0.453313589,0.090785816,-0.126574382,0.120098986,-0.056201331,0.133369595,0.286200970,0.132739335,0.966178715,-0.390434265,0.110726051,-0.304194123,0.155500799,1.028098583,0.192351192
0.114339367,0.027407840,0.775594771,-0.005215986,-0.006151633,-0.664183855,0.747525871,0.026924981,0.068079755,0.059873432,0.088940650,-0.066727526,-0.121005431,0.093076721,-0.042946730,-0.439594865,0.089811727,-0.123860434,0.124007188,-0.059220020,0.141527057,0.272707433,0.139973044,0.978233576,-0.385506421,0.113894723,-0.298214972,0.158882007,1.021999121,0.186422840
0.115575694,0.027233562,0.777575970,-0.003499125,-0.006685887,-0.669014037,0.743211448,0.029038064,0.061841797,0.069367990,0.088242568,-0.067386761,-0.118285626,0.088902704,-0.049393520,-0.426744014,0.089010961,-0.121423393,0.127692237,-0.062313564,0.149681091,0.262863457,0.143465012,0.986760914,-0.379233360,0.116397865,-0.294714063,0.160813555,1.011956573,0.179922566
0.116800904,0.027492318,0.778892636,-0.001460996,-0.006606556,-0.673600078,0.739065170,0.028577661,0.055994727,0.079010427,0.087912306,-0.069248378,-0.117268398,0.082607597,-0.055504717,-0.415629148,0.088556796,-0.119540155,0.130930930,-0.065556720,0.157828063,0.260317981,0.139474213,0.988234043,-0.370270193,0.117570005,-0.296169311,0.159846008,0.994028747,0.172278747
0.118058667,0.028082382,0.779659510,0.000582158,-0.006072173,-0.677527487,0.735472143,0.026329322,0.050922487,0.088058174,0.087768108,-0.071779907,-0.117012352,0.075358853,-0.060847953,-0.406449854,0.088306233,-0.118339263,0.133882061,-0.068762012,0.167730749,0.258134246,0.129933774,0.979897320,-0.356257409,0.122848451,-0.304927230,0.154241309,0.964325726,0.166110709
0.119332641,0.028838066,0.780151367,0.002627700,-0.005310244,-0.681118846,0.732148886,0.023187133,0.046237841,0.096808255,0.087716937,-0.074646264,-0.117136881,0.067633592,-0.065807007,-0.398238719,0.088157475,-0.117479570,0.136689290,-0.071948253,0.178510875,0.256131440,0.117618985,0.966656148,-0.339720428,0.130179763,-0.317335933,0.146318331,0.928736389,0.160680771
0.120188400,0.029835710,0.780043304,0.004411772,-0.004215265,-0.683524013,0.729902506,0.018810969,0.043357573,0.104567200,0.087710746,-0.076102138,-0.118078709,0.060080752,-0.068989024,-0.393605500,0.088239864,-0.116594188,0.138667449,-0.074974984,0.185961366,0.262937903,0.100641623,0.950020909,-0.320250154,0.142502561,-0.340010792,0.132372379,0.880260706,0.159502268
0.120983899,0.030833963,0.779836774,0.006009810,-0.003131808,-0.685546100,0.727997720,0.014505478,0.040916003,0.111671291,0.087738469,-0.077145860,-0.119144797,0.053078044,-0.071692333,-0.390050173,0.088354640,-0.115738861,0.140578359,-0.077933237,0.192595690,0.271733880,0.083764866,0.932996929,-0.300452203,0.154841915,-0.361953110,0.116571881,0.831643760,0.157828972
0.121658944,0.031833511,0.779433310,0.007235983,-0.002071411,-0.686816812,0.726791620,0.010341004,0.039351631,0.117466219,0.087834023,-0.077365354,-0.120459467,0.047175065,-0.073438443,-0.388650417,0.088534184,-0.114943564,0.142354891,-0.080754757,0.197598144,0.284509540,0.067088023,0.915194273,-0.279997349,0.167215288,-0.382431984,0.097061105,0.782740831,0.155166000
0.122164831,0.032689456,0.778886139,0.007913666,-0.001235402,-0.687547565,0.726095200,0.007279455,0.038672619,0.121981636,0.087944120,-0.077602051,-0.122124009,0.043037400,-0.074258901,-0.388388097,0.088723794,-0.114509031,0.144113734,-0.082742468,0.200889558,0.298670053,0.053417444,0.897757649,-0.259460866,0.178001940,-0.400460660,0.077245228,0.738569140,0.151705340
0.122586153,0.033473637,0.778267026,0.008317135,-0.000511558,-0.688008904,0.725654483,0.004769251,0.038436260,0.125857458,0.088061497,-0.077847362,-0.123963550,0.039782230,-0.074616566,-0.388694525,0.088918447,-0.114254877,0.145863801,-0.084313340,0.203325555,0.313523531,0.041249469,0.880503237,-0.238882825,0.187995642,-0.417264968,0.057276037,0.696761250,0.147845700
0.122792825,0.034192514,0.777558148,0.008317135,-0.000511558,-0.688008904,0.725654483,0.003710161,0.039269466,0.128606543,0.088242352,-0.078293249,-0.126202881,0.038766682,-0.073868215,-0.390280664,0.089137286,-0.114537284,0.146791339,-0.084918991,0.204979956,0.328158617,0.035883501,0.863265395,-0.215720370,0.193421394,-0.429940939,0.041805305,0.667317748,0.142816409
0.122939631,0.034905676,0.776793182,0.007422348,0.000093889,-0.687714577,0.725943267,0.003063871,0.040365651,0.131376982,0.088441700,-0.078820221,-0.128501222,0.038277686,-0.072880037,-0.392080754,0.089380801,-0.114944063,0.147624016,-0.085188940,0.206113294,0.342520356,0.031757858,0.846324563,-0.192027330,0.197782457,-0.441743135,0.028436482,0.642149687,0.138000995
0.122966684,0.035607453,0.775916219,0.006493245,0.000130461,-0.687310159,0.726335049,0.003243129,0.041987889,0.134190306,0.088678077,-0.079509407,-0.130917698,0.038841750,-0.071412139,-0.394308776,0.089673705,-0.115599632,0.148266971,-0.084787525,0.206204653,0.356336415,0.030112550,0.829976499,-0.167271301,0.200014472,-0.451798767,0.019270459,0.625530303,0.133612946
0.122871578,0.036276616,0.774851918,0.005257901,0.000006530,-0.686758161,0.726867080,0.004091372,0.044120364,0.136917979,0.089015543,-0.080121510,-0.133115321,0.040269621,-0.069473103,-0.396683931,0.090046719,-0.116252080,0.148736387,-0.083551362,0.205763727,0.367494315,0.030231673,0.813667536,-0.141060948,0.200915039,-0.458484411,0.013055767,0.617278218,0.129261971
0.122715391,0.036929481,0.773694038,0.003869416,-0.000197653,-0.686131120,0.727467537,0.005274110,0.046507981,0.139602855,0.089403540,-0.080695070,-0.135203525,0.042129405,-0.067298472,-0.399132609,0.090459801,-0.116902985,0.149119049,-0.081897818,0.205056652,0.377323300,0.031232992,0.797378063,-0.114123099,0.201149940,-0.463485241,0.008316624,0.613209546,0.124929488
0.122548319,0.037364546,0.772249460,0.002125440,-0.000681420,-0.685775280,0.727809906,0.007887593,0.049190581,0.143798038,0.090130135,-0.082162380,-0.137014553,0.045129478,-0.065011293,-0.401366651,0.091056287,-0.117679253,0.149984777,-0.078796759,0.203452051,0.381808639,0.034758240,0.781769872,-0.089548104,0.200427756,-0.463846505,0.006531200,0.619945168,0.120902255
0.122281462,0.037633315,0.770806015,0.000315858,-0.001248448,-0.685531855,0.728041530,0.011028805,0.052038603,0.148275599,0.090913996,-0.083861604,-0.139199257,0.048516471,-0.062581226,-0.403472155,0.091708690,-0.118753754,0.150945708,-0.075464949,0.201663151,0.386043131,0.038709980,0.767402828,-0.067553505,0.199801996,-0.462759554,0.005165203,0.629439473,0.116816416
0.121815011,0.037569486,0.769364774,-0.001624907,-0.001981989,-0.685515285,0.728053808,0.015225445,0.055217467,0.153317839,0.091812380,-0.086024635,-0.142131358,0.052677270,-0.059865393,-0.405320525,0.092472933,-0.120424673,0.152097091,-0.071671709,0.199505746,0.389776021,0.043514621,0.755518436,-0.050719775,0.199369133,-0.458776265,0.004637942,0.644450784,0.112613410
0.121358857,0.037229251,0.767933905,-0.003653894,-0.002859928,-0.685453355,0.728101790,0.020139329,0.058302850,0.157719523,0.092825562,-0.088223293,-0.145479202,0.057651110,-0.057235986,-0.407349855,0.093264312,-0.122463003,0.153827369,-0.067900814,0.195982039,0.390308708,0.048262496,0.747975051,-0.038085930,0.198928386,-0.450078309,0.004892450,0.665140331,0.105062738
0.120907865,0.036750812,0.766508162,-0.005726973,-0.003810058,-0.685366809,0.728165567,0.025411611,0.061341494,0.161800921,0.093896642,-0.090440065,-0.149034873,0.063031465,-0.054649815,-0.409469664,0.094069250,-0.124685004,0.155847132,-0.064141095,0.191775188,0.389241159,0.052981991,0.742602468,-0.027552037,0.198483661,-0.439022899,0.005537869,0.688669086,0.095838174
0.120933577,0.036032796,0.765658259,-0.007700592,-0.004911037,-0.685493946,0.728021145,0.022503333,0.064634442,0.164964899,0.114560634,-0.103695408,-0.152258694,0.068886437,-0.053073041,-0.411349177,0.094511427,-0.126718938,0.159120142,-0.060130972,0.186495587,0.382239223,0.057852987,0.746281028,-0.020531299,0.197121173,-0.421636999,0.007756405,0.719152093,0.080920652
0.120932303,0.035372186,0.765167594,-0.009567747,-0.006023802,-0.685820699,0.727682710,0.024957068,0.066753715,0.168920249,0.122938663,-0.109906718,-0.155733466,0.074410066,-0.051622897,-0.412604839,0.094693206,-0.128378764,0.162400261,-0.056059323,0.180828959,0.373971164,0.063369676,0.753520250,-0.014848916,0.194836900,-0.404265702,0.010683709,0.751275897,0.065001339
0.120877072,0.034826439,0.765395105,-0.011221880,-0.007160076,-0.686550617,0.726960182,0.038133819,0.066525638,0.174457923,0.106745973,-0.102030598,-0.159709811,0.079270639,-0.050426099,-0.412612706,0.094354227,-0.129290313,0.165694371,-0.051864929,0.174388722,0.363171607,0.070177227,0.767879486,-0.011843475,0.190709412,-0.386925042,0.015028219,0.786678731,0.047079820
0.120856896,0.034324445,0.766306341,-0.012399842,-0.008336338,-0.687721014,0.725821137,0.047464110,0.065733567,0.179788202,0.097927168,-0.097394392,-0.163656458,0.083180189,-0.050073911,-0.410327435,0.093531772,-0.129715234,0.169234663,-0.047475867,0.167997330,0.350858003,0.078526959,0.787739873,-0.010737484,0.184706718,-0.369877100,0.018571505,0.823183954,0.027391946
0.120854229,0.033844337,0.767559409,-0.013339641,-0.009532520,-0.689109564,0.724471688,0.054870885,0.064659536,0.185014606,0.092795514,-0.094378270,-0.167588085,0.086614102,-0.050144024,-0.406895638,0.092467628,-0.129896849,0.172897950,-0.042989634,0.161630630,0.337787837,0.087647431,0.810349941,-0.010581226,0.177766711,-0.352976233,0.021714060,0.860238910,0.006821677
0.120806657,0.033570077,0.769300938,-0.013670132,-0.010535626,-0.690982699,0.722665191,0.059230380,0.063036740,0.190532327,0.091424376,-0.092327960,-0.170893461,0.087939896,-0.051040821,-0.400520384,0.091463968,-0.129636362,0.176076800,-0.038581058,0.156893000,0.323789835,0.098657757,0.834502220,-0.010069720,0.169719398,-0.337237507,0.019397831,0.891513824,-0.009667655
0.120820880,0.033374608,0.771011710,-0.013847450,-0.011421008,-0.692804575,0.720901906,0.062917531,0.061258160,0.195303664,0.090197861,-0.090236574,-0.174014136,0.088725299,-0.052110132,-0.394067943,0.090498969,-0.129425138,0.179147944,-0.034762908,0.152973130,0.310601324,0.109822191,0.856838107,-0.008683666,0.162148580,-0.323069036,0.015167636,0.918323457,-0.023717280
0.120958664,0.033336706,0.772661090,-0.013718573,-0.012071032,-0.694529772,0.719231725,0.065260060,0.059168078,0.198582292,0.089260586,-0.088063084,-0.176765457,0.088430032,-0.053524427,-0.387461245,0.089611292,-0.129312426,0.182003543,-0.032125596,0.150688738,0.299031794,0.121294528,0.875541210,-0.005548727,0.155530825,-0.312041074,0.007110004,0.936202824,-0.032887630
0.120873779,0.033240177,0.774051726,-0.013392183,-0.012496923,-0.696256995,0.717558920,0.066819966,0.057501458,0.201624349,0.088562682,-0.087528281,-0.180375069,0.087470308,-0.054646380,-0.381167471,0.088961214,-0.130307481,0.184779346,-0.030412585,0.148831502,0.290711194,0.131024614,0.890456796,-0.001546747,0.150494784,-0.305886805,0.000698788,0.945648432,-0.036774598
0.120677546,0.033114333,0.775313079,-0.012967012,-0.012810695,-0.697982848,0.715882480,0.067988522,0.056046627,0.204548001,0.087984510,-0.087812804,-0.184413701,0.086178392,-0.055622134,-0.375030339,0.088429958,-0.131856352,0.187515154,-0.029161770,0.147187904,0.284015328,0.139883250,0.903477907,0.002888585,0.146249756,-0.302169532,-0.004889007,0.950876951,-0.038019817
0.120209023,0.033245265,0.775909424,-0.012649177,-0.012994075,-0.699398696,0.714501619,0.068524867,0.055289924,0.206829607,0.087673016,-0.090028614,-0.189634010,0.084846988,-0.055692878,-0.370861799,0.088160723,-0.133953750,0.189396888,-0.028469110,0.147643894,0.280922174,0.143401563,0.908153057,0.009587397,0.145452917,-0.301454216,-0.005434649,0.946580410,-0.035641886
0.119988225,0.033305045,0.776554644,-0.012384762,-0.013093711,-0.700468302,0.713456035,0.068878114,0.054604150,0.209107056,0.087380640,-0.091642439,-0.193581820,0.083722636,-0.055939995,-0.367245674,0.087870121,-0.135395303,0.191147804,-0.027820786,0.147951767,0.278460026,0.146313116,0.911634505,0.016373228,0.145013258,-0.300955802,-0.005996071,0.943017483,-0.035024770
0.120262824,0.033222526,0.777297258,-0.012227243,-0.013025949,-0.700849712,0.713085294,0.068865180,0.054060183,0.211376339,0.087126486,-0.092052378,-0.194984853,0.083012298,-0.056539878,-0.364734113,0.087536789,-0.135525301,0.192637295,-0.027261086,0.147963375,0.277259678,0.148011282,0.912728846,0.023333618,0.145287931,-0.300891161,-0.006589097,0.940921426,-0.037929248
0.120354354,0.033195019,0.777544856,-0.012174736,-0.013003359,-0.700976729,0.712961674,0.068860874,0.053878866,0.212132752,0.087041773,-0.092189021,-0.195452541,0.082775526,-0.056739829,-0.363896966,0.087425679,-0.135568634,0.193133771,-0.027074525,0.147967249,0.276859581,0.148577332,0.913093626,0.025653690,0.145379484,-0.300869614,-0.006786767,0.940222800,-0.038897384
0.120354354,0.033195019,0.777544856,-0.012174736,-0.013003359,-0.700976729,0.712961674,0.068860874,0.053878866,0.212132752,0.087041773,-0.092189021,-0.195452541,0.082775526,-0.056739833,-0.363896966,0.087425679,-0.135568634,0.193133771,-0.027074525,0.147967249,0.276859581,0.148577332,0.913093626,0.025653690,0.145379484,-0.300869614,-0.006786768,0.940222800,-0.038897384
0.120354354,0.033195019,0.777544856,-0.012174736,-0.013003359,-0.700976729,0.712961674,0.068860874,0.053878866,0.212132752,0.087041773,-0.092189021,-0.195452541,0.082775526,-0.056739833,-0.363896966,0.087425679,-0.135568634,0.193133771,-0.027074527,0.147967249,0.276859581,0.148577332,0.913093626,0.025653690,0.145379484,-0.300869614,-0.006786768,0.940222800,-0.038897384
0.120354354,0.033195019,0.777544856,-0.012174736,-0.013003359,-0.700976729,0.712961674,0.068860874,0.053878866,0.212132752,0.087041773,-0.092189029,-0.195452541,0.082775526,-0.056739833,-0.363896966,0.087425679,-0.135568634,0.193133771,-0.027074525,0.147967249,0.276859581,0.148577332,0.913093626,0.025653690,0.145379484,-0.300869614,-0.006786768,0.940222800,-0.038897384
0.120354354,0.033195019,0.777544856,-0.012174736,-0.013003359,-0.700976729,0.712961674,0.068860874,0.053878866,0.212132752,0.087041773,-0.092189029,-0.195452541,0.082775526,-0.056739833,-0.363896966,0.087425679,-0.135568634,0.193133771,-0.027074525,0.147967249,0.276859581,0.148577332,0.913093626,0.025653690,0.145379484,-0.300869614,-0.006786768,0.940222800,-0.038897384
0.120354354,0.033195019,0.777544856,-0.012174736,-0.013003359,-0.700976729,0.712961674,0.068860874,0.053878866,0.212132752,0.087041773,-0.092189021,-0.195452541,0.082775526,-0.056739833,-0.363896966,0.087425679,-0.135568634,0.193133771,-0.027074527,0.147967249,0.276859581,0.148577332,0.913093626,0.025653690,0.145379484,-0.300869614,-0.006786768,0.940222800,-0.038897384
0.120354354,0.033195019,0.777544856,-0.012174736,-0.013003359,-0.700976729,0.712961674,0.068860874,0.053878866,0.212132752,0.087041773,-0.092189021,-0.195452541,0.082775526,-0.056739833,-0.363896966,0.087425679,-0.135568634,0.193133771,-0.027074525,0.147967249,0.276859581,0.148577332,0.913093626,0.025653690,0.145379484,-0.300869614,-0.006786768,0.940222800,-0.038897384
0.120354354,0.033195019,0.777544856,-0.012174736,-0.013003359,-0.700976729,0.712961674,0.068860874,0.053878866,0.212132752,0.087041773,-0.092189021,-0.195452541,0.082775526,-0.056739829,-0.363896966,0.087425679,-0.135568634,0.193133771,-0.027074525,0.147967249,0.276859581,0.148577332,0.913093626,0.025653690,0.145379484,-0.300869614,-0.006786767,0.940222800,-0.038897384
0.120354354,0.033195019,0.777544856,-0.012174736,-0.013003359,-0.700976729,0.712961674,0.068860874,0.053878866,0.212132752,0.087041773,-0.092189029,-0.195452541,0.082775526,-0.056739833,-0.363896966,0.087425679,-0.135568634,0.193133771,-0.027074525,0.147967249,0.276859581,0.148577332,0.913093626,0.025653690,0.145379484,-0.300869614,-0.006786768,0.940222800,-0.038897384
0.120354354,0.033195019,0.777544856,-0.012174736,-0.013003359,-0.700976729,0.712961674,0.068860874,0.053878866,0.212132752,0.087041773,-0.092189029,-0.195452541,0.082775526,-0.056739833,-0.363896966,0.087425679,-0.135568634,0.193133771,-0.027074525,0.147967249,0.276859581,0.148577332,0.913093626,0.025653690,0.145379484,-0.300869614,-0.006786768,0.940222800,-0.038897384
0.120354354,0.033195019,0.777544856,-0.012174736,-0.013003359,-0.700976729,0.712961674,0.068860874,0.053878866,0.212132752,0.087041773,-0.092189021,-0.195452541,0.082775526,-0.056739833,-0.363896966,0.087425679,-0.135568634,0.193133771,-0.027074527,0.147967249,0.276859581,0.148577332,0.913093626,0.025653690,0.145379484,-0.300869614,-0.006786768,0.940222800,-0.038897384
0.120354354,0.033195019,0.777544856,-0.012174736,-0.013003359,-0.700976729,0.712961674,0.068860874,0.053878866,0.212132752,0.087041773,-0.092189021,-0.195452541,0.082775526,-0.056739833,-0.363896966,0.087425679,-0.135568634,0.193133771,-0.027074525,0.147967249,0.276859581,0.148577332,0.913093626,0.025653690,0.145379484,-0.300869614,-0.006786768,0.940222800,-0.038897384
0.120354354,0.033195019,0.777544856,-0.012174736,-0.013003359,-0.700976729,0.712961674,0.068860874,0.053878866,0.212132752,0.087041773,-0.092189021,-0.195452541,0.082775526,-0.056739833,-0.363896966,0.087425679,-0.135568634,0.193133771,-0.027074527,0.147967249,0.276859581,0.148577332,0.913093626,0.025653690,0.145379484,-0.300869614,-0.006786768,0.940222800,-0.038897384
0.120354354,0.033195019,0.777544856,-0.012174736,-0.013003359,-0.700976729,0.712961674,0.068860874,0.053878866,0.212132752,0.087041780,-0.092189021,-0.195452541,0.082775526,-0.056739829,-0.363896966,0.087425679,-0.135568634,0.193133771,-0.027074527,0.147967249,0.276859581,0.148577332,0.913093626,0.025653690,0.145379484,-0.300869614,-0.006786767,0.940222800,-0.038897384
0.120354354,0.033195019,0.777544856,-0.012174736,-0.013003359,-0.700976729,0.712961674,0.068860874,0.053878866,0.212132752,0.087041773,-0.092189029,-0.195452541,0.082775526,-0.056739833,-0.363896966,0.087425679,-0.135568634,0.193133771,-0.027074525,0.147967249,0.276859581,0.148577332,0.913093626,0.025653690,0.145379484,-0.300869614,-0.006786768,0.940222800,-0.038897384
